0,1,2,3,4,5,6,7,8,9,10,11,12,13,target_wind_speed
0.488986952,0.290430374,0.475691405,0.171898215,0.488777719,0.131968475,0.471145433,0.110369113,0.469794952,0.237626251,0.482177506,0.187178698,0.540723544,0.054259142,0.258910757
0.475691405,0.171898215,0.488777719,0.131968475,0.471145433,0.110369113,0.469794952,0.237626251,0.482177506,0.187178698,0.540723544,0.054259142,0.537509035,0.258910757,0.287380256
0.488777719,0.131968475,0.471145433,0.110369113,0.469794952,0.237626251,0.482177506,0.187178698,0.540723544,0.054259142,0.537509035,0.258910757,0.524898235,0.287380256,0.527195569
0.471145433,0.110369113,0.469794952,0.237626251,0.482177506,0.187178698,0.540723544,0.054259142,0.537509035,0.258910757,0.524898235,0.287380256,0.538193792,0.527195569,0.709017288
0.469794952,0.237626251,0.482177506,0.187178698,0.540723544,0.054259142,0.537509035,0.258910757,0.524898235,0.287380256,0.538193792,0.527195569,0.60368244,0.709017288,0.377527134
0.482177506,0.187178698,0.540723544,0.054259142,0.537509035,0.258910757,0.524898235,0.287380256,0.538193792,0.527195569,0.60368244,0.709017288,0.602465099,0.377527134,0.094407295
0.540723544,0.054259142,0.537509035,0.258910757,0.524898235,0.287380256,0.538193792,0.527195569,0.60368244,0.709017288,0.602465099,0.377527134,0.588066345,0.094407295,0.139490449
0.537509035,0.258910757,0.524898235,0.287380256,0.538193792,0.527195569,0.60368244,0.709017288,0.602465099,0.377527134,0.588066345,0.094407295,0.539544262,0.139490449,0.501175103
0.524898235,0.287380256,0.538193792,0.527195569,0.60368244,0.709017288,0.602465099,0.377527134,0.588066345,0.094407295,0.539544262,0.139490449,0.569844409,0.501175103,0.416039987
0.538193792,0.527195569,0.60368244,0.709017288,0.602465099,0.377527134,0.588066345,0.094407295,0.539544262,0.139490449,0.569844409,0.501175103,0.49984783,0.416039987,0.2443932
0.60368244,0.709017288,0.602465099,0.377527134,0.588066345,0.094407295,0.539544262,0.139490449,0.569844409,0.501175103,0.49984783,0.416039987,0.542035995,0.2443932,0.03637717
0.602465099,0.377527134,0.588066345,0.094407295,0.539544262,0.139490449,0.569844409,0.501175103,0.49984783,0.416039987,0.542035995,0.2443932,0.560695403,0.03637717,0.196660228
0.588066345,0.094407295,0.539544262,0.139490449,0.569844409,0.501175103,0.49984783,0.416039987,0.542035995,0.2443932,0.560695403,0.03637717,0.60191349,0.196660228,0.223514807
0.539544262,0.139490449,0.569844409,0.501175103,0.49984783,0.416039987,0.542035995,0.2443932,0.560695403,0.03637717,0.60191349,0.196660228,0.608837066,0.223514807,0.300393372
0.569844409,0.501175103,0.49984783,0.416039987,0.542035995,0.2443932,0.560695403,0.03637717,0.60191349,0.196660228,0.608837066,0.223514807,0.649161192,0.300393372,0.915750224
0.49984783,0.416039987,0.542035995,0.2443932,0.560695403,0.03637717,0.60191349,0.196660228,0.608837066,0.223514807,0.649161192,0.300393372,0.48695173,0.915750224,0.398234416
0.542035995,0.2443932,0.560695403,0.03637717,0.60191349,0.196660228,0.608837066,0.223514807,0.649161192,0.300393372,0.48695173,0.915750224,0.424715637,0.398234416,0.232556841
0.560695403,0.03637717,0.60191349,0.196660228,0.608837066,0.223514807,0.649161192,0.300393372,0.48695173,0.915750224,0.424715637,0.398234416,0.51839312,0.232556841,0.14374829
0.60191349,0.196660228,0.608837066,0.223514807,0.649161192,0.300393372,0.48695173,0.915750224,0.424715637,0.398234416,0.51839312,0.232556841,0.563320284,0.14374829,0.143970563
0.608837066,0.223514807,0.649161192,0.300393372,0.48695173,0.915750224,0.424715637,0.398234416,0.51839312,0.232556841,0.563320284,0.14374829,0.604614447,0.143970563,0.177821046
0.649161192,0.300393372,0.48695173,0.915750224,0.424715637,0.398234416,0.51839312,0.232556841,0.563320284,0.14374829,0.604614447,0.143970563,0.722600533,0.177821046,0.065351629
0.48695173,0.915750224,0.424715637,0.398234416,0.51839312,0.232556841,0.563320284,0.14374829,0.604614447,0.143970563,0.722600533,0.177821046,0.797960975,0.065351629,0.403633988
0.424715637,0.398234416,0.51839312,0.232556841,0.563320284,0.14374829,0.604614447,0.143970563,0.722600533,0.177821046,0.797960975,0.065351629,0.485601244,0.403633988,0.486270125
0.51839312,0.232556841,0.563320284,0.14374829,0.604614447,0.143970563,0.722600533,0.177821046,0.797960975,0.065351629,0.485601244,0.403633988,0.469490621,0.486270125,0.390143387
0.563320284,0.14374829,0.604614447,0.143970563,0.722600533,0.177821046,0.797960975,0.065351629,0.485601244,0.403633988,0.469490621,0.486270125,0.472362765,0.390143387,0.548354555
0.604614447,0.143970563,0.722600533,0.177821046,0.797960975,0.065351629,0.485601244,0.403633988,0.469490621,0.486270125,0.472362765,0.390143387,0.520257158,0.548354555,0.13617801
0.722600533,0.177821046,0.797960975,0.065351629,0.485601244,0.403633988,0.469490621,0.486270125,0.472362765,0.390143387,0.520257158,0.548354555,0.49923917,0.13617801,0.412068926
0.797960975,0.065351629,0.485601244,0.403633988,0.469490621,0.486270125,0.472362765,0.390143387,0.520257158,0.548354555,0.49923917,0.13617801,0.424715636,0.412068926,0.254163472
0.485601244,0.403633988,0.469490621,0.486270125,0.472362765,0.390143387,0.520257158,0.548354555,0.49923917,0.13617801,0.424715636,0.412068926,0.364381632,0.254163472,0.771452082
0.469490621,0.486270125,0.472362765,0.390143387,0.520257158,0.548354555,0.49923917,0.13617801,0.424715636,0.412068926,0.364381632,0.254163472,0.346939545,0.771452082,0.693875057
0.472362765,0.390143387,0.520257158,0.548354555,0.49923917,0.13617801,0.424715636,0.412068926,0.364381632,0.254163472,0.346939545,0.771452082,0.30749039,0.693875057,0.438759693
0.520257158,0.548354555,0.49923917,0.13617801,0.424715636,0.412068926,0.364381632,0.254163472,0.346939545,0.771452082,0.30749039,0.693875057,0.303001478,0.438759693,0.191827349
0.49923917,0.13617801,0.424715636,0.412068926,0.364381632,0.254163472,0.346939545,0.771452082,0.30749039,0.693875057,0.303001478,0.438759693,0.31960665,0.191827349,0.396797704
0.424715636,0.412068926,0.364381632,0.254163472,0.346939545,0.771452082,0.30749039,0.693875057,0.303001478,0.438759693,0.31960665,0.191827349,0.435994972,0.396797704,0.43065836
0.364381632,0.254163472,0.346939545,0.771452082,0.30749039,0.693875057,0.303001478,0.438759693,0.31960665,0.191827349,0.435994972,0.396797704,0.478829838,0.43065836,0.384647518
0.346939545,0.771452082,0.30749039,0.693875057,0.303001478,0.438759693,0.31960665,0.191827349,0.435994972,0.396797704,0.478829838,0.43065836,0.576729943,0.384647518,0.360762255
0.30749039,0.693875057,0.303001478,0.438759693,0.31960665,0.191827349,0.435994972,0.396797704,0.478829838,0.43065836,0.576729943,0.384647518,0.477764676,0.360762255,0.199382707
0.303001478,0.438759693,0.31960665,0.191827349,0.435994972,0.396797704,0.478829838,0.43065836,0.576729943,0.384647518,0.477764676,0.360762255,0.448948147,0.199382707,0.158994
0.31960665,0.191827349,0.435994972,0.396797704,0.478829838,0.43065836,0.576729943,0.384647518,0.477764676,0.360762255,0.448948147,0.199382707,0.45280937,0.158994,0.255798274
0.435994972,0.396797704,0.478829838,0.43065836,0.576729943,0.384647518,0.477764676,0.360762255,0.448948147,0.199382707,0.45280937,0.158994,0.560105757,0.255798274,0.277768827
0.478829838,0.43065836,0.576729943,0.384647518,0.477764676,0.360762255,0.448948147,0.199382707,0.45280937,0.158994,0.560105757,0.255798274,0.685567026,0.277768827,0.379919146
0.576729943,0.384647518,0.477764676,0.360762255,0.448948147,0.199382707,0.45280937,0.158994,0.560105757,0.255798274,0.685567026,0.277768827,0.675314794,0.379919146,0.577719965
0.477764676,0.360762255,0.448948147,0.199382707,0.45280937,0.158994,0.560105757,0.255798274,0.685567026,0.277768827,0.675314794,0.379919146,0.526895425,0.577719965,0.369168377
0.448948147,0.199382707,0.45280937,0.158994,0.560105757,0.255798274,0.685567026,0.277768827,0.675314794,0.379919146,0.526895425,0.577719965,0.466314148,0.369168377,0.552708406
0.45280937,0.158994,0.560105757,0.255798274,0.685567026,0.277768827,0.675314794,0.379919146,0.526895425,0.577719965,0.466314148,0.369168377,0.492676987,0.552708406,0.513658763
0.560105757,0.255798274,0.685567026,0.277768827,0.675314794,0.379919146,0.526895425,0.577719965,0.466314148,0.369168377,0.492676987,0.552708406,0.430593066,0.513658763,0.146407419
0.685567026,0.277768827,0.675314794,0.379919146,0.526895425,0.577719965,0.466314148,0.369168377,0.492676987,0.552708406,0.430593066,0.513658763,0.45330391,0.146407419,0.267220432
0.675314794,0.379919146,0.526895425,0.577719965,0.466314148,0.369168377,0.492676987,0.552708406,0.430593066,0.513658763,0.45330391,0.146407419,0.488169055,0.267220432,0.155871482
0.526895425,0.577719965,0.466314148,0.369168377,0.492676987,0.552708406,0.430593066,0.513658763,0.45330391,0.146407419,0.488169055,0.267220432,0.529406177,0.155871482,0.566970641
0.466314148,0.369168377,0.492676987,0.552708406,0.430593066,0.513658763,0.45330391,0.146407419,0.488169055,0.267220432,0.529406177,0.155871482,0.527161716,0.566970641,0.386295531
0.492676987,0.552708406,0.430593066,0.513658763,0.45330391,0.146407419,0.488169055,0.267220432,0.529406177,0.155871482,0.527161716,0.566970641,0.129988204,0.386295531,0.425509381
0.430593066,0.513658763,0.45330391,0.146407419,0.488169055,0.267220432,0.529406177,0.155871482,0.527161716,0.566970641,0.129988204,0.386295531,0.200251071,0.425509381,0.371361326
0.45330391,0.146407419,0.488169055,0.267220432,0.529406177,0.155871482,0.527161716,0.566970641,0.129988204,0.386295531,0.200251071,0.425509381,0.216171488,0.371361326,0.425653736
0.488169055,0.267220432,0.529406177,0.155871482,0.527161716,0.566970641,0.129988204,0.386295531,0.200251071,0.425509381,0.216171488,0.371361326,0.316734506,0.425653736,0.173243809
0.529406177,0.155871482,0.527161716,0.566970641,0.129988204,0.386295531,0.200251071,0.425509381,0.216171488,0.371361326,0.316734506,0.425653736,0.461121462,0.173243809,0.124380214
0.527161716,0.566970641,0.129988204,0.386295531,0.200251071,0.425509381,0.216171488,0.371361326,0.316734506,0.425653736,0.461121462,0.173243809,0.460151409,0.124380214,0.238439547
0.129988204,0.386295531,0.200251071,0.425509381,0.216171488,0.371361326,0.316734506,0.425653736,0.461121462,0.173243809,0.460151409,0.124380214,0.451401834,0.238439547,0.269914079
0.200251071,0.425509381,0.216171488,0.371361326,0.316734506,0.425653736,0.461121462,0.173243809,0.460151409,0.124380214,0.451401834,0.238439547,0.455833687,0.269914079,0.373921968
0.216171488,0.371361326,0.316734506,0.425653736,0.461121462,0.173243809,0.460151409,0.124380214,0.451401834,0.238439547,0.455833687,0.269914079,0.399075585,0.373921968,0.21106906
0.316734506,0.425653736,0.461121462,0.173243809,0.460151409,0.124380214,0.451401834,0.238439547,0.455833687,0.269914079,0.399075585,0.373921968,0.414539508,0.21106906,0.305525493
0.461121462,0.173243809,0.460151409,0.124380214,0.451401834,0.238439547,0.455833687,0.269914079,0.399075585,0.373921968,0.414539508,0.21106906,0.478411381,0.305525493,0.343158131
0.460151409,0.124380214,0.451401834,0.238439547,0.455833687,0.269914079,0.399075585,0.373921968,0.414539508,0.21106906,0.478411381,0.305525493,0.438848094,0.343158131,0.416601501
0.451401834,0.238439547,0.455833687,0.269914079,0.399075585,0.373921968,0.414539508,0.21106906,0.478411381,0.305525493,0.438848094,0.343158131,0.481835127,0.416601501,0.289915734
0.455833687,0.269914079,0.399075585,0.373921968,0.414539508,0.21106906,0.478411381,0.305525493,0.438848094,0.343158131,0.481835127,0.416601501,0.47907711,0.289915734,0.345405041
0.399075585,0.373921968,0.414539508,0.21106906,0.478411381,0.305525493,0.438848094,0.343158131,0.481835127,0.416601501,0.47907711,0.289915734,0.484992578,0.345405041,0.205182917
0.414539508,0.21106906,0.478411381,0.305525493,0.438848094,0.343158131,0.481835127,0.416601501,0.47907711,0.289915734,0.484992578,0.345405041,0.538954617,0.205182917,0.044181469
0.478411381,0.305525493,0.438848094,0.343158131,0.481835127,0.416601501,0.47907711,0.289915734,0.484992578,0.345405041,0.538954617,0.205182917,0.559497089,0.044181469,0.113583623
0.438848094,0.343158131,0.481835127,0.416601501,0.47907711,0.289915734,0.484992578,0.345405041,0.538954617,0.205182917,0.559497089,0.044181469,0.559135696,0.113583623,0.073191021
0.481835127,0.416601501,0.47907711,0.289915734,0.484992578,0.345405041,0.538954617,0.205182917,0.559497089,0.044181469,0.559135696,0.113583623,0.64957964,0.073191021,0.056975952
0.47907711,0.289915734,0.484992578,0.345405041,0.538954617,0.205182917,0.559497089,0.044181469,0.559135696,0.113583623,0.64957964,0.073191021,0.639898051,0.056975952,0.106263881
0.484992578,0.345405041,0.538954617,0.205182917,0.559497089,0.044181469,0.559135696,0.113583623,0.64957964,0.073191021,0.639898051,0.056975952,0.621029407,0.106263881,0.141415389
0.538954617,0.205182917,0.559497089,0.044181469,0.559135696,0.113583623,0.64957964,0.073191021,0.639898051,0.056975952,0.621029407,0.106263881,0.533838017,0.141415389,0.248118226
0.559497089,0.044181469,0.559135696,0.113583623,0.64957964,0.073191021,0.639898051,0.056975952,0.621029407,0.106263881,0.533838017,0.141415389,0.54517442,0.248118226,0.145381631
0.559135696,0.113583623,0.64957964,0.073191021,0.639898051,0.056975952,0.621029407,0.106263881,0.533838017,0.141415389,0.54517442,0.248118226,0.479647732,0.145381631,0.258189199
0.64957964,0.073191021,0.639898051,0.056975952,0.621029407,0.106263881,0.533838017,0.141415389,0.54517442,0.248118226,0.479647732,0.145381631,0.478867878,0.258189199,0.39238158
0.639898051,0.056975952,0.621029407,0.106263881,0.533838017,0.141415389,0.54517442,0.248118226,0.479647732,0.145381631,0.478867878,0.258189199,0.464469125,0.39238158,0.366408434
0.621029407,0.106263881,0.533838017,0.141415389,0.54517442,0.248118226,0.479647732,0.145381631,0.478867878,0.258189199,0.464469125,0.39238158,0.516719294,0.366408434,0.125106766
0.533838017,0.141415389,0.54517442,0.248118226,0.479647732,0.145381631,0.478867878,0.258189199,0.464469125,0.39238158,0.516719294,0.366408434,0.553448471,0.125106766,0.093407359
0.54517442,0.248118226,0.479647732,0.145381631,0.478867878,0.258189199,0.464469125,0.39238158,0.516719294,0.366408434,0.553448471,0.125106766,0.274108871,0.093407359,0.096943417
0.479647732,0.145381631,0.478867878,0.258189199,0.464469125,0.39238158,0.516719294,0.366408434,0.553448471,0.125106766,0.274108871,0.093407359,0.273348036,0.096943417,0.223064494
0.478867878,0.258189199,0.464469125,0.39238158,0.516719294,0.366408434,0.553448471,0.125106766,0.274108871,0.093407359,0.273348036,0.096943417,0.270342755,0.223064494,0.349099956
0.464469125,0.39238158,0.516719294,0.366408434,0.553448471,0.125106766,0.274108871,0.093407359,0.273348036,0.096943417,0.270342755,0.223064494,0.349507361,0.349099956,0.161139557
0.516719294,0.366408434,0.553448471,0.125106766,0.274108871,0.093407359,0.273348036,0.096943417,0.270342755,0.223064494,0.349507361,0.349099956,0.38781527,0.161139557,0.142892186
0.553448471,0.125106766,0.274108871,0.093407359,0.273348036,0.096943417,0.270342755,0.223064494,0.349507361,0.349099956,0.38781527,0.161139557,0.362061096,0.142892186,0.151006826
0.274108871,0.093407359,0.273348036,0.096943417,0.270342755,0.223064494,0.349507361,0.349099956,0.38781527,0.161139557,0.362061096,0.142892186,0.416802981,0.151006826,0.142601531
0.273348036,0.096943417,0.270342755,0.223064494,0.349507361,0.349099956,0.38781527,0.161139557,0.362061096,0.142892186,0.416802981,0.151006826,0.462738232,0.142601531,0.114362216
0.270342755,0.223064494,0.349507361,0.349099956,0.38781527,0.161139557,0.362061096,0.142892186,0.416802981,0.151006826,0.462738232,0.142601531,0.462833338,0.114362216,0.252540834
0.349507361,0.349099956,0.38781527,0.161139557,0.362061096,0.142892186,0.416802981,0.151006826,0.462738232,0.142601531,0.462833338,0.114362216,0.46127363,0.252540834,0.197736394
0.38781527,0.161139557,0.362061096,0.142892186,0.416802981,0.151006826,0.462738232,0.142601531,0.462833338,0.114362216,0.46127363,0.252540834,0.494693194,0.197736394,0.114163216
0.362061096,0.142892186,0.416802981,0.151006826,0.462738232,0.142601531,0.462833338,0.114362216,0.46127363,0.252540834,0.494693194,0.197736394,0.514075398,0.114163216,0.107274364
0.416802981,0.151006826,0.462738232,0.142601531,0.462833338,0.114362216,0.46127363,0.252540834,0.494693194,0.197736394,0.514075398,0.114163216,0.519039826,0.107274364,0.121447588
0.462738232,0.142601531,0.462833338,0.114362216,0.46127363,0.252540834,0.494693194,0.197736394,0.514075398,0.114163216,0.519039826,0.107274364,0.515578034,0.121447588,0.177132262
0.462833338,0.114362216,0.46127363,0.252540834,0.494693194,0.197736394,0.514075398,0.114163216,0.519039826,0.107274364,0.515578034,0.121447588,0.528036672,0.177132262,0.307116746
0.46127363,0.252540834,0.494693194,0.197736394,0.514075398,0.114163216,0.519039826,0.107274364,0.515578034,0.121447588,0.528036672,0.177132262,0.533096206,0.307116746,0.264936895
0.494693194,0.197736394,0.514075398,0.114163216,0.519039826,0.107274364,0.515578034,0.121447588,0.528036672,0.177132262,0.533096206,0.307116746,0.55069046,0.264936895,0.094329977
0.514075398,0.114163216,0.519039826,0.107274364,0.515578034,0.121447588,0.528036672,0.177132262,0.533096206,0.307116746,0.55069046,0.264936895,0.544774984,0.094329977,0.076764379
0.519039826,0.107274364,0.515578034,0.121447588,0.528036672,0.177132262,0.533096206,0.307116746,0.55069046,0.264936895,0.544774984,0.094329977,0.569635183,0.076764379,0.182490379
0.515578034,0.121447588,0.528036672,0.177132262,0.533096206,0.307116746,0.55069046,0.264936895,0.544774984,0.094329977,0.569635183,0.076764379,0.55025298,0.182490379,0.547168014
0.528036672,0.177132262,0.533096206,0.307116746,0.55069046,0.264936895,0.544774984,0.094329977,0.569635183,0.076764379,0.55025298,0.182490379,0.534047252,0.547168014,0.616282942
0.533096206,0.307116746,0.55069046,0.264936895,0.544774984,0.094329977,0.569635183,0.076764379,0.55025298,0.182490379,0.534047252,0.547168014,0.425609612,0.616282942,0.412722536
0.55069046,0.264936895,0.544774984,0.094329977,0.569635183,0.076764379,0.55025298,0.182490379,0.534047252,0.547168014,0.425609612,0.616282942,0.479837942,0.412722536,0.590771327
0.544774984,0.094329977,0.569635183,0.076764379,0.55025298,0.182490379,0.534047252,0.547168014,0.425609612,0.616282942,0.479837942,0.412722536,0.548503059,0.590771327,0.258896345
0.569635183,0.076764379,0.55025298,0.182490379,0.534047252,0.547168014,0.425609612,0.616282942,0.479837942,0.412722536,0.548503059,0.590771327,0.532829915,0.258896345,0.234272348
0.55025298,0.182490379,0.534047252,0.547168014,0.425609612,0.616282942,0.479837942,0.412722536,0.548503059,0.590771327,0.532829915,0.258896345,0.547209648,0.234272348,0.317105095
0.534047252,0.547168014,0.425609612,0.616282942,0.479837942,0.412722536,0.548503059,0.590771327,0.532829915,0.258896345,0.547209648,0.234272348,0.712310273,0.317105095,0.453529081
0.425609612,0.616282942,0.479837942,0.412722536,0.548503059,0.590771327,0.532829915,0.258896345,0.547209648,0.234272348,0.712310273,0.317105095,0.730475143,0.453529081,0.408738092
0.479837942,0.412722536,0.548503059,0.590771327,0.532829915,0.258896345,0.547209648,0.234272348,0.712310273,0.317105095,0.730475143,0.453529081,0.272339931,0.408738092,0.239711122
0.548503059,0.590771327,0.532829915,0.258896345,0.547209648,0.234272348,0.712310273,0.317105095,0.730475143,0.453529081,0.272339931,0.408738092,0.327709511,0.239711122,0.277962766
0.532829915,0.258896345,0.547209648,0.234272348,0.712310273,0.317105095,0.730475143,0.453529081,0.272339931,0.408738092,0.327709511,0.239711122,0.35256971,0.277962766,0.386123119
0.547209648,0.234272348,0.712310273,0.317105095,0.730475143,0.453529081,0.272339931,0.408738092,0.327709511,0.239711122,0.35256971,0.277962766,0.39595617,0.386123119,0.58211121
0.712310273,0.317105095,0.730475143,0.453529081,0.272339931,0.408738092,0.327709511,0.239711122,0.35256971,0.277962766,0.39595617,0.386123119,0.160193247,0.58211121,0.16278591
0.730475143,0.453529081,0.272339931,0.408738092,0.327709511,0.239711122,0.35256971,0.277962766,0.39595617,0.386123119,0.160193247,0.58211121,0.207459965,0.16278591,0.26015228
0.272339931,0.408738092,0.327709511,0.239711122,0.35256971,0.277962766,0.39595617,0.386123119,0.160193247,0.58211121,0.207459965,0.16278591,0.303172671,0.26015228,0.322880969
0.327709511,0.239711122,0.35256971,0.277962766,0.39595617,0.386123119,0.160193247,0.58211121,0.207459965,0.16278591,0.303172671,0.26015228,0.193631828,0.322880969,0.138682296
0.35256971,0.277962766,0.39595617,0.386123119,0.160193247,0.58211121,0.207459965,0.16278591,0.303172671,0.26015228,0.193631828,0.322880969,0.200365201,0.138682296,0.152804078
0.39595617,0.386123119,0.160193247,0.58211121,0.207459965,0.16278591,0.303172671,0.26015228,0.193631828,0.322880969,0.200365201,0.138682296,0.234716782,0.152804078,0.288235915
0.160193247,0.58211121,0.207459965,0.16278591,0.303172671,0.26015228,0.193631828,0.322880969,0.200365201,0.138682296,0.234716782,0.152804078,0.272396999,0.288235915,0.33201665
0.207459965,0.16278591,0.303172671,0.26015228,0.193631828,0.322880969,0.200365201,0.138682296,0.234716782,0.152804078,0.272396999,0.288235915,0.310324502,0.33201665,0.506546774
0.303172671,0.26015228,0.193631828,0.322880969,0.200365201,0.138682296,0.234716782,0.152804078,0.272396999,0.288235915,0.310324502,0.33201665,0.208658265,0.506546774,0.44411539
0.193631828,0.322880969,0.200365201,0.138682296,0.234716782,0.152804078,0.272396999,0.288235915,0.310324502,0.33201665,0.208658265,0.506546774,0.103663405,0.44411539,0.301698055
0.200365201,0.138682296,0.234716782,0.152804078,0.272396999,0.288235915,0.310324502,0.33201665,0.208658265,0.506546774,0.103663405,0.44411539,0.071442157,0.301698055,0.234211335
0.234716782,0.152804078,0.272396999,0.288235915,0.310324502,0.33201665,0.208658265,0.506546774,0.103663405,0.44411539,0.071442157,0.301698055,0.169817777,0.234211335,0.113447801
0.272396999,0.288235915,0.310324502,0.33201665,0.208658265,0.506546774,0.103663405,0.44411539,0.071442157,0.301698055,0.169817777,0.234211335,0.268668924,0.113447801,0.256230907
0.310324502,0.33201665,0.208658265,0.506546774,0.103663405,0.44411539,0.071442157,0.301698055,0.169817777,0.234211335,0.268668924,0.113447801,0.29244493,0.256230907,0.362171643
0.208658265,0.506546774,0.103663405,0.44411539,0.071442157,0.301698055,0.169817777,0.234211335,0.268668924,0.113447801,0.29244493,0.256230907,0.201259173,0.362171643,0.29593244
0.103663405,0.44411539,0.071442157,0.301698055,0.169817777,0.234211335,0.268668924,0.113447801,0.29244493,0.256230907,0.201259173,0.362171643,0.211035869,0.29593244,0.210998037
0.071442157,0.301698055,0.169817777,0.234211335,0.268668924,0.113447801,0.29244493,0.256230907,0.201259173,0.362171643,0.211035869,0.29593244,0.287404421,0.210998037,0.390559097
0.169817777,0.234211335,0.268668924,0.113447801,0.29244493,0.256230907,0.201259173,0.362171643,0.211035869,0.29593244,0.287404421,0.210998037,0.399246775,0.390559097,0.779024413
0.268668924,0.113447801,0.29244493,0.256230907,0.201259173,0.362171643,0.211035869,0.29593244,0.287404421,0.210998037,0.399246775,0.390559097,0.444383152,0.779024413,0.675935576
0.29244493,0.256230907,0.201259173,0.362171643,0.211035869,0.29593244,0.287404421,0.210998037,0.399246775,0.390559097,0.444383152,0.779024413,0.130863161,0.675935576,0.459609988
0.201259173,0.362171643,0.211035869,0.29593244,0.287404421,0.210998037,0.399246775,0.390559097,0.444383152,0.779024413,0.130863161,0.675935576,0.131871264,0.459609988,0.227433801
0.211035869,0.29593244,0.287404421,0.210998037,0.399246775,0.390559097,0.444383152,0.779024413,0.130863161,0.675935576,0.131871264,0.459609988,0.187868523,0.227433801,0.474578455
0.287404421,0.210998037,0.399246775,0.390559097,0.444383152,0.779024413,0.130863161,0.675935576,0.131871264,0.459609988,0.187868523,0.227433801,0.124624337,0.474578455,0.50245651
0.399246775,0.390559097,0.444383152,0.779024413,0.130863161,0.675935576,0.131871264,0.459609988,0.187868523,0.227433801,0.124624337,0.474578455,0.2521969,0.50245651,0.134082618
0.444383152,0.779024413,0.130863161,0.675935576,0.131871264,0.459609988,0.187868523,0.227433801,0.124624337,0.474578455,0.2521969,0.50245651,0.448130249,0.134082618,0.314567372
0.130863161,0.675935576,0.131871264,0.459609988,0.187868523,0.227433801,0.124624337,0.474578455,0.2521969,0.50245651,0.448130249,0.134082618,0.468653705,0.314567372,0.204004316
0.131871264,0.459609988,0.187868523,0.227433801,0.124624337,0.474578455,0.2521969,0.50245651,0.448130249,0.134082618,0.468653705,0.314567372,0.258245513,0.204004316,0.265908122
0.187868523,0.227433801,0.124624337,0.474578455,0.2521969,0.50245651,0.448130249,0.134082618,0.468653705,0.314567372,0.258245513,0.204004316,0.212348305,0.265908122,0.496238235
0.124624337,0.474578455,0.2521969,0.50245651,0.448130249,0.134082618,0.468653705,0.314567372,0.258245513,0.204004316,0.212348305,0.265908122,0.243066909,0.496238235,0.17602869
0.2521969,0.50245651,0.448130249,0.134082618,0.468653705,0.314567372,0.258245513,0.204004316,0.212348305,0.265908122,0.243066909,0.496238235,0.295811613,0.17602869,0.218213085
0.448130249,0.134082618,0.468653705,0.314567372,0.258245513,0.204004316,0.212348305,0.265908122,0.243066909,0.496238235,0.295811613,0.17602869,0.411210867,0.218213085,0.22033141
0.468653705,0.314567372,0.258245513,0.204004316,0.212348305,0.265908122,0.243066909,0.496238235,0.295811613,0.17602869,0.411210867,0.218213085,0.430155586,0.22033141,0.16924442
0.258245513,0.204004316,0.212348305,0.265908122,0.243066909,0.496238235,0.295811613,0.17602869,0.411210867,0.218213085,0.430155586,0.22033141,0.45242895,0.16924442,0.111951664
0.212348305,0.265908122,0.243066909,0.496238235,0.295811613,0.17602869,0.411210867,0.218213085,0.430155586,0.22033141,0.45242895,0.16924442,0.476128878,0.111951664,0.147308417
0.243066909,0.496238235,0.295811613,0.17602869,0.411210867,0.218213085,0.430155586,0.22033141,0.45242895,0.16924442,0.476128878,0.111951664,0.465420162,0.147308417,0.227442437
0.295811613,0.17602869,0.411210867,0.218213085,0.430155586,0.22033141,0.45242895,0.16924442,0.476128878,0.111951664,0.465420162,0.147308417,0.506105677,0.227442437,0.123769223
0.411210867,0.218213085,0.430155586,0.22033141,0.45242895,0.16924442,0.476128878,0.111951664,0.465420162,0.147308417,0.506105677,0.227442437,0.517974666,0.123769223,0.148255072
0.430155586,0.22033141,0.45242895,0.16924442,0.476128878,0.111951664,0.465420162,0.147308417,0.506105677,0.227442437,0.517974666,0.123769223,0.538650291,0.148255072,0.179751274
0.45242895,0.16924442,0.476128878,0.111951664,0.465420162,0.147308417,0.506105677,0.227442437,0.517974666,0.123769223,0.538650291,0.148255072,0.598717999,0.179751274,0.214854895
0.476128878,0.111951664,0.465420162,0.147308417,0.506105677,0.227442437,0.517974666,0.123769223,0.538650291,0.148255072,0.598717999,0.179751274,0.691482486,0.214854895,0.098532874
0.465420162,0.147308417,0.506105677,0.227442437,0.517974666,0.123769223,0.538650291,0.148255072,0.598717999,0.179751274,0.691482486,0.214854895,0.736143353,0.098532874,0.195618589
0.506105677,0.227442437,0.517974666,0.123769223,0.538650291,0.148255072,0.598717999,0.179751274,0.691482486,0.214854895,0.736143353,0.098532874,0.635066778,0.195618589,0.264578135
0.517974666,0.123769223,0.538650291,0.148255072,0.598717999,0.179751274,0.691482486,0.214854895,0.736143353,0.098532874,0.635066778,0.195618589,0.660003047,0.264578135,0.091774973
0.538650291,0.148255072,0.598717999,0.179751274,0.691482486,0.214854895,0.736143353,0.098532874,0.635066778,0.195618589,0.660003047,0.264578135,0.649807882,0.091774973,0.467007751
0.598717999,0.179751274,0.691482486,0.214854895,0.736143353,0.098532874,0.635066778,0.195618589,0.660003047,0.264578135,0.649807882,0.091774973,0.634115724,0.467007751,0.264865034
0.691482486,0.214854895,0.736143353,0.098532874,0.635066778,0.195618589,0.660003047,0.264578135,0.649807882,0.091774973,0.634115724,0.467007751,0.637349263,0.264865034,0.065654004
0.736143353,0.098532874,0.635066778,0.195618589,0.660003047,0.264578135,0.649807882,0.091774973,0.634115724,0.467007751,0.637349263,0.264865034,0.609883216,0.065654004,0.112989844
0.635066778,0.195618589,0.660003047,0.264578135,0.649807882,0.091774973,0.634115724,0.467007751,0.637349263,0.264865034,0.609883216,0.065654004,0.595484461,0.112989844,0.454849788
0.660003047,0.264578135,0.649807882,0.091774973,0.634115724,0.467007751,0.637349263,0.264865034,0.609883216,0.065654004,0.595484461,0.112989844,0.576406587,0.454849788,0.210136351
0.649807882,0.091774973,0.634115724,0.467007751,0.637349263,0.264865034,0.609883216,0.065654004,0.595484461,0.112989844,0.576406587,0.454849788,0.592498197,0.210136351,0.143190485
0.634115724,0.467007751,0.637349263,0.264865034,0.609883216,0.065654004,0.595484461,0.112989844,0.576406587,0.454849788,0.592498197,0.210136351,0.562464344,0.143190485,0.173782081
0.637349263,0.264865034,0.609883216,0.065654004,0.595484461,0.112989844,0.576406587,0.454849788,0.592498197,0.210136351,0.562464344,0.143190485,0.503309623,0.173782081,0.349212352
0.609883216,0.065654004,0.595484461,0.112989844,0.576406587,0.454849788,0.592498197,0.210136351,0.562464344,0.143190485,0.503309623,0.173782081,0.350610567,0.349212352,0.178825298
0.595484461,0.112989844,0.576406587,0.454849788,0.592498197,0.210136351,0.562464344,0.143190485,0.503309623,0.173782081,0.350610567,0.349212352,0.407007263,0.178825298,0.431730332
0.576406587,0.454849788,0.592498197,0.210136351,0.562464344,0.143190485,0.503309623,0.173782081,0.350610567,0.349212352,0.407007263,0.178825298,0.546924336,0.431730332,0.268950873
0.592498197,0.210136351,0.562464344,0.143190485,0.503309623,0.173782081,0.350610567,0.349212352,0.407007263,0.178825298,0.546924336,0.431730332,0.526457946,0.268950873,0.429508699
0.562464344,0.143190485,0.503309623,0.173782081,0.350610567,0.349212352,0.407007263,0.178825298,0.546924336,0.431730332,0.526457946,0.268950873,0.575398488,0.429508699,0.271635099
0.503309623,0.173782081,0.350610567,0.349212352,0.407007263,0.178825298,0.546924336,0.431730332,0.526457946,0.268950873,0.575398488,0.429508699,0.482767141,0.271635099,0.423911067
0.350610567,0.349212352,0.407007263,0.178825298,0.546924336,0.431730332,0.526457946,0.268950873,0.575398488,0.429508699,0.482767141,0.271635099,0.418134433,0.423911067,0.216060516
0.407007263,0.178825298,0.546924336,0.431730332,0.526457946,0.268950873,0.575398488,0.429508699,0.482767141,0.271635099,0.418134433,0.423911067,0.460626927,0.216060516,0.317968265
0.546924336,0.431730332,0.526457946,0.268950873,0.575398488,0.429508699,0.482767141,0.271635099,0.418134433,0.423911067,0.460626927,0.216060516,0.450241562,0.317968265,0.277797731
0.526457946,0.268950873,0.575398488,0.429508699,0.482767141,0.271635099,0.418134433,0.423911067,0.460626927,0.216060516,0.450241562,0.317968265,0.395404567,0.277797731,0.115035081
0.575398488,0.429508699,0.482767141,0.271635099,0.418134433,0.423911067,0.460626927,0.216060516,0.450241562,0.317968265,0.395404567,0.277797731,0.402993872,0.115035081,0.229195386
0.482767141,0.271635099,0.418134433,0.423911067,0.460626927,0.216060516,0.450241562,0.317968265,0.395404567,0.277797731,0.402993872,0.115035081,0.389393991,0.229195386,0.228443574
0.418134433,0.423911067,0.460626927,0.216060516,0.450241562,0.317968265,0.395404567,0.277797731,0.402993872,0.115035081,0.389393991,0.229195386,0.380206946,0.228443574,0.206163176
0.460626927,0.216060516,0.450241562,0.317968265,0.395404567,0.277797731,0.402993872,0.115035081,0.389393991,0.229195386,0.380206946,0.228443574,0.337067745,0.206163176,0.416086266
0.450241562,0.317968265,0.395404567,0.277797731,0.402993872,0.115035081,0.389393991,0.229195386,0.380206946,0.228443574,0.337067745,0.206163176,0.295393151,0.416086266,0.343623067
0.395404567,0.277797731,0.402993872,0.115035081,0.389393991,0.229195386,0.380206946,0.228443574,0.337067745,0.206163176,0.295393151,0.416086266,0.254593519,0.343623067,0.143518122
0.402993872,0.115035081,0.389393991,0.229195386,0.380206946,0.228443574,0.337067745,0.206163176,0.295393151,0.416086266,0.254593519,0.343623067,0.387339747,0.143518122,0.288030411
0.389393991,0.229195386,0.380206946,0.228443574,0.337067745,0.206163176,0.295393151,0.416086266,0.254593519,0.343623067,0.387339747,0.143518122,0.337276977,0.288030411,0.314599882
0.380206946,0.228443574,0.337067745,0.206163176,0.295393151,0.416086266,0.254593519,0.343623067,0.387339747,0.143518122,0.337276977,0.288030411,0.25010461,0.314599882,0.081247587
0.337067745,0.206163176,0.295393151,0.416086266,0.254593519,0.343623067,0.387339747,0.143518122,0.337276977,0.288030411,0.25010461,0.314599882,0.296743632,0.081247587,0.137540171
0.295393151,0.416086266,0.254593519,0.343623067,0.387339747,0.143518122,0.337276977,0.288030411,0.25010461,0.314599882,0.296743632,0.081247587,0.344638035,0.137540171,0.21138748
0.254593519,0.343623067,0.387339747,0.143518122,0.337276977,0.288030411,0.25010461,0.314599882,0.296743632,0.081247587,0.344638035,0.137540171,0.381671542,0.21138748,0.231021496
0.387339747,0.143518122,0.337276977,0.288030411,0.25010461,0.314599882,0.296743632,0.081247587,0.344638035,0.137540171,0.381671542,0.21138748,0.409708219,0.231021496,0.094422311
0.337276977,0.288030411,0.25010461,0.314599882,0.296743632,0.081247587,0.344638035,0.137540171,0.381671542,0.21138748,0.409708219,0.231021496,0.383402437,0.094422311,0.143283199
0.25010461,0.314599882,0.296743632,0.081247587,0.344638035,0.137540171,0.381671542,0.21138748,0.409708219,0.231021496,0.383402437,0.094422311,0.347833528,0.143283199,0.343992001
0.296743632,0.081247587,0.344638035,0.137540171,0.381671542,0.21138748,0.409708219,0.231021496,0.383402437,0.094422311,0.347833528,0.143283199,0.337543273,0.343992001,0.509994618
0.344638035,0.137540171,0.381671542,0.21138748,0.409708219,0.231021496,0.383402437,0.094422311,0.347833528,0.143283199,0.337543273,0.343992001,0.141020272,0.509994618,0.189368177
0.381671542,0.21138748,0.409708219,0.231021496,0.383402437,0.094422311,0.347833528,0.143283199,0.337543273,0.343992001,0.141020272,0.509994618,0.163921325,0.189368177,0.35162599
0.409708219,0.231021496,0.383402437,0.094422311,0.347833528,0.143283199,0.337543273,0.343992001,0.141020272,0.509994618,0.163921325,0.189368177,0.528797505,0.35162599,0.561759171
0.383402437,0.094422311,0.347833528,0.143283199,0.337543273,0.343992001,0.141020272,0.509994618,0.163921325,0.189368177,0.528797505,0.35162599,0.512953178,0.561759171,0.34262097
0.347833528,0.143283199,0.337543273,0.343992001,0.141020272,0.509994618,0.163921325,0.189368177,0.528797505,0.35162599,0.512953178,0.561759171,0.50738007,0.34262097,0.288082702
0.337543273,0.343992001,0.141020272,0.509994618,0.163921325,0.189368177,0.528797505,0.35162599,0.512953178,0.561759171,0.50738007,0.34262097,0.378552129,0.288082702,0.257407728
0.141020272,0.509994618,0.163921325,0.189368177,0.528797505,0.35162599,0.512953178,0.561759171,0.50738007,0.34262097,0.378552129,0.288082702,0.409765281,0.257407728,0.19019748
0.163921325,0.189368177,0.528797505,0.35162599,0.512953178,0.561759171,0.50738007,0.34262097,0.378552129,0.288082702,0.409765281,0.257407728,0.378438004,0.19019748,0.300937541
0.528797505,0.35162599,0.512953178,0.561759171,0.50738007,0.34262097,0.378552129,0.288082702,0.409765281,0.257407728,0.378438004,0.19019748,0.373834968,0.300937541,0.331806593
0.512953178,0.561759171,0.50738007,0.34262097,0.378552129,0.288082702,0.409765281,0.257407728,0.378438004,0.19019748,0.373834968,0.300937541,0.381652522,0.331806593,0.043037268
0.50738007,0.34262097,0.378552129,0.288082702,0.409765281,0.257407728,0.378438004,0.19019748,0.373834968,0.300937541,0.381652522,0.331806593,0.419446877,0.043037268,0.091003991
0.378552129,0.288082702,0.409765281,0.257407728,0.378438004,0.19019748,0.373834968,0.300937541,0.381652522,0.331806593,0.419446877,0.043037268,0.418039334,0.091003991,0.112829114
0.409765281,0.257407728,0.378438004,0.19019748,0.373834968,0.300937541,0.381652522,0.331806593,0.419446877,0.043037268,0.418039334,0.091003991,0.459504692,0.112829114,0.156657465
0.378438004,0.19019748,0.373834968,0.300937541,0.381652522,0.331806593,0.419446877,0.043037268,0.418039334,0.091003991,0.459504692,0.112829114,0.472115501,0.156657465,0.087041684
0.373834968,0.300937541,0.381652522,0.331806593,0.419446877,0.043037268,0.418039334,0.091003991,0.459504692,0.112829114,0.472115501,0.156657465,0.450660019,0.087041684,0.347642976
0.381652522,0.331806593,0.419446877,0.043037268,0.418039334,0.091003991,0.459504692,0.112829114,0.472115501,0.156657465,0.450660019,0.087041684,0.436831893,0.347642976,0.3501774
0.419446877,0.043037268,0.418039334,0.091003991,0.459504692,0.112829114,0.472115501,0.156657465,0.450660019,0.087041684,0.436831893,0.347642976,0.519096894,0.3501774,0.514238555
0.418039334,0.091003991,0.459504692,0.112829114,0.472115501,0.156657465,0.450660019,0.087041684,0.436831893,0.347642976,0.519096894,0.3501774,0.499391329,0.514238555,0.741844621
0.459504692,0.112829114,0.472115501,0.156657465,0.450660019,0.087041684,0.436831893,0.347642976,0.519096894,0.3501774,0.499391329,0.514238555,0.4078632,0.741844621,0.441224046
0.472115501,0.156657465,0.450660019,0.087041684,0.436831893,0.347642976,0.519096894,0.3501774,0.499391329,0.514238555,0.4078632,0.741844621,0.4526572,0.441224046,0.527218057
0.450660019,0.087041684,0.436831893,0.347642976,0.519096894,0.3501774,0.499391329,0.514238555,0.4078632,0.741844621,0.4526572,0.441224046,0.324494992,0.527218057,0.434797022
0.436831893,0.347642976,0.519096894,0.3501774,0.499391329,0.514238555,0.4078632,0.741844621,0.4526572,0.441224046,0.324494992,0.527218057,0.189770603,0.434797022,0.165271326
0.519096894,0.3501774,0.499391329,0.514238555,0.4078632,0.741844621,0.4526572,0.441224046,0.324494992,0.527218057,0.189770603,0.434797022,0.201297212,0.165271326,0.207928771
0.499391329,0.514238555,0.4078632,0.741844621,0.4526572,0.441224046,0.324494992,0.527218057,0.189770603,0.434797022,0.201297212,0.165271326,0.331760945,0.207928771,0.130755574
0.4078632,0.741844621,0.4526572,0.441224046,0.324494992,0.527218057,0.189770603,0.434797022,0.201297212,0.165271326,0.331760945,0.207928771,0.449233454,0.130755574,0.226507161
0.4526572,0.441224046,0.324494992,0.527218057,0.189770603,0.434797022,0.201297212,0.165271326,0.331760945,0.207928771,0.449233454,0.130755574,0.46296648,0.226507161,0.129447494
0.324494992,0.527218057,0.189770603,0.434797022,0.201297212,0.165271326,0.331760945,0.207928771,0.449233454,0.130755574,0.46296648,0.226507161,0.487788637,0.129447494,0.339385591
0.189770603,0.434797022,0.201297212,0.165271326,0.331760945,0.207928771,0.449233454,0.130755574,0.46296648,0.226507161,0.487788637,0.129447494,0.465344085,0.339385591,0.3101998
0.201297212,0.165271326,0.331760945,0.207928771,0.449233454,0.130755574,0.46296648,0.226507161,0.487788637,0.129447494,0.465344085,0.339385591,0.441872405,0.3101998,0.209803482
0.331760945,0.207928771,0.449233454,0.130755574,0.46296648,0.226507161,0.487788637,0.129447494,0.465344085,0.339385591,0.441872405,0.3101998,0.45861072,0.209803482,0.255342092
0.449233454,0.130755574,0.46296648,0.226507161,0.487788637,0.129447494,0.465344085,0.339385591,0.441872405,0.3101998,0.45861072,0.209803482,0.400197815,0.255342092,0.178248136
0.46296648,0.226507161,0.487788637,0.129447494,0.465344085,0.339385591,0.441872405,0.3101998,0.45861072,0.209803482,0.400197815,0.255342092,0.398124543,0.178248136,0.341706263
0.487788637,0.129447494,0.465344085,0.339385591,0.441872405,0.3101998,0.45861072,0.209803482,0.400197815,0.255342092,0.398124543,0.178248136,0.472362763,0.341706263,0.312343004
0.465344085,0.339385591,0.441872405,0.3101998,0.45861072,0.209803482,0.400197815,0.255342092,0.398124543,0.178248136,0.472362763,0.341706263,0.593582379,0.312343004,0.404334998
0.441872405,0.3101998,0.45861072,0.209803482,0.400197815,0.255342092,0.398124543,0.178248136,0.472362763,0.341706263,0.593582379,0.312343004,0.615836731,0.404334998,0.364107311
0.45861072,0.209803482,0.400197815,0.255342092,0.398124543,0.178248136,0.472362763,0.341706263,0.593582379,0.312343004,0.615836731,0.404334998,0.693745962,0.364107311,0.336659894
0.400197815,0.255342092,0.398124543,0.178248136,0.472362763,0.341706263,0.593582379,0.312343004,0.615836731,0.404334998,0.693745962,0.364107311,0.626412303,0.336659894,0.142835431
0.398124543,0.178248136,0.472362763,0.341706263,0.593582379,0.312343004,0.615836731,0.404334998,0.693745962,0.364107311,0.626412303,0.336659894,0.562007841,0.142835431,0.101424181
0.472362763,0.341706263,0.593582379,0.312343004,0.615836731,0.404334998,0.693745962,0.364107311,0.626412303,0.336659894,0.562007841,0.142835431,0.538631264,0.101424181,0.164804727
0.593582379,0.312343004,0.615836731,0.404334998,0.693745962,0.364107311,0.626412303,0.336659894,0.562007841,0.142835431,0.538631264,0.101424181,0.487902768,0.164804727,0.197208326
0.615836731,0.404334998,0.693745962,0.364107311,0.626412303,0.336659894,0.562007841,0.142835431,0.538631264,0.101424181,0.487902768,0.164804727,0.515406855,0.197208326,0.532733695
0.693745962,0.364107311,0.626412303,0.336659894,0.562007841,0.142835431,0.538631264,0.101424181,0.487902768,0.164804727,0.515406855,0.197208326,0.531060983,0.532733695,0.373565425
0.626412303,0.336659894,0.562007841,0.142835431,0.538631264,0.101424181,0.487902768,0.164804727,0.515406855,0.197208326,0.531060983,0.532733695,0.619640891,0.373565425,0.297319201
0.562007841,0.142835431,0.538631264,0.101424181,0.487902768,0.164804727,0.515406855,0.197208326,0.531060983,0.532733695,0.619640891,0.373565425,0.645585283,0.297319201,0.581085232
0.538631264,0.101424181,0.487902768,0.164804727,0.515406855,0.197208326,0.531060983,0.532733695,0.619640891,0.373565425,0.645585283,0.297319201,0.54730475,0.581085232,0.442966738
0.487902768,0.164804727,0.515406855,0.197208326,0.531060983,0.532733695,0.619640891,0.373565425,0.645585283,0.297319201,0.54730475,0.581085232,0.526286759,0.442966738,0.295392724
0.515406855,0.197208326,0.531060983,0.532733695,0.619640891,0.373565425,0.645585283,0.297319201,0.54730475,0.581085232,0.526286759,0.442966738,0.556016285,0.295392724,0.223636881
0.531060983,0.532733695,0.619640891,0.373565425,0.645585283,0.297319201,0.54730475,0.581085232,0.526286759,0.442966738,0.556016285,0.295392724,0.546677061,0.223636881,0.311832298
0.619640891,0.373565425,0.645585283,0.297319201,0.54730475,0.581085232,0.526286759,0.442966738,0.556016285,0.295392724,0.546677061,0.223636881,0.657264052,0.311832298,0.2588622
0.645585283,0.297319201,0.54730475,0.581085232,0.526286759,0.442966738,0.556016285,0.295392724,0.546677061,0.223636881,0.657264052,0.311832298,0.572412216,0.2588622,0.381354623
0.54730475,0.581085232,0.526286759,0.442966738,0.556016285,0.295392724,0.546677061,0.223636881,0.657264052,0.311832298,0.572412216,0.2588622,0.559211778,0.381354623,0.721616798
0.526286759,0.442966738,0.556016285,0.295392724,0.546677061,0.223636881,0.657264052,0.311832298,0.572412216,0.2588622,0.559211778,0.381354623,0.510214175,0.721616798,0.532008645
0.556016285,0.295392724,0.546677061,0.223636881,0.657264052,0.311832298,0.572412216,0.2588622,0.559211778,0.381354623,0.510214175,0.721616798,0.4648115,0.532008645,0.351582544
0.546677061,0.223636881,0.657264052,0.311832298,0.572412216,0.2588622,0.559211778,0.381354623,0.510214175,0.721616798,0.4648115,0.532008645,0.42793015,0.351582544,0.631390188
0.657264052,0.311832298,0.572412216,0.2588622,0.559211778,0.381354623,0.510214175,0.721616798,0.4648115,0.532008645,0.42793015,0.351582544,0.41571879,0.631390188,0.076142622
0.572412216,0.2588622,0.559211778,0.381354623,0.510214175,0.721616798,0.4648115,0.532008645,0.42793015,0.351582544,0.41571879,0.631390188,0.424715637,0.076142622,0.150234894
0.559211778,0.381354623,0.510214175,0.721616798,0.4648115,0.532008645,0.42793015,0.351582544,0.41571879,0.631390188,0.424715637,0.076142622,0.342165326,0.150234894,0.132540228
0.510214175,0.721616798,0.4648115,0.532008645,0.42793015,0.351582544,0.41571879,0.631390188,0.424715637,0.076142622,0.342165326,0.150234894,0.402670518,0.132540228,0.145721105
0.4648115,0.532008645,0.42793015,0.351582544,0.41571879,0.631390188,0.424715637,0.076142622,0.342165326,0.150234894,0.402670518,0.132540228,0.420607141,0.145721105,0.094662563
0.42793015,0.351582544,0.41571879,0.631390188,0.424715637,0.076142622,0.342165326,0.150234894,0.402670518,0.132540228,0.420607141,0.145721105,0.41735458,0.094662563,0.264729611
0.41571879,0.631390188,0.424715637,0.076142622,0.342165326,0.150234894,0.402670518,0.132540228,0.420607141,0.145721105,0.41735458,0.094662563,0.385951226,0.264729611,0.286931808
0.424715637,0.076142622,0.342165326,0.150234894,0.402670518,0.132540228,0.420607141,0.145721105,0.41735458,0.094662563,0.385951226,0.264729611,0.276809825,0.286931808,0.2579472
0.342165326,0.150234894,0.402670518,0.132540228,0.420607141,0.145721105,0.41735458,0.094662563,0.385951226,0.264729611,0.276809825,0.286931808,0.300547792,0.2579472,0.124293126
0.402670518,0.132540228,0.420607141,0.145721105,0.41735458,0.094662563,0.385951226,0.264729611,0.276809825,0.286931808,0.300547792,0.2579472,0.324894431,0.124293126,0.191444526
0.420607141,0.145721105,0.41735458,0.094662563,0.385951226,0.264729611,0.276809825,0.286931808,0.300547792,0.2579472,0.324894431,0.124293126,0.381234063,0.191444526,0.346470027
0.41735458,0.094662563,0.385951226,0.264729611,0.276809825,0.286931808,0.300547792,0.2579472,0.324894431,0.124293126,0.381234063,0.191444526,0.435405329,0.346470027,0.231535385
0.385951226,0.264729611,0.276809825,0.286931808,0.300547792,0.2579472,0.324894431,0.124293126,0.381234063,0.191444526,0.435405329,0.346470027,0.376459841,0.231535385,0.361189033
0.276809825,0.286931808,0.300547792,0.2579472,0.324894431,0.124293126,0.381234063,0.191444526,0.435405329,0.346470027,0.376459841,0.231535385,0.314889483,0.361189033,0.141266523
0.300547792,0.2579472,0.324894431,0.124293126,0.381234063,0.191444526,0.435405329,0.346470027,0.376459841,0.231535385,0.314889483,0.361189033,0.369726476,0.141266523,0.212207504
0.324894431,0.124293126,0.381234063,0.191444526,0.435405329,0.346470027,0.376459841,0.231535385,0.314889483,0.361189033,0.369726476,0.141266523,0.349868749,0.212207504,0.127382178
0.381234063,0.191444526,0.435405329,0.346470027,0.376459841,0.231535385,0.314889483,0.361189033,0.369726476,0.141266523,0.349868749,0.212207504,0.335127625,0.127382178,0.059935622
0.435405329,0.346470027,0.376459841,0.231535385,0.314889483,0.361189033,0.369726476,0.141266523,0.349868749,0.212207504,0.335127625,0.127382178,0.338494308,0.059935622,0.087508148
0.376459841,0.231535385,0.314889483,0.361189033,0.369726476,0.141266523,0.349868749,0.212207504,0.335127625,0.127382178,0.338494308,0.059935622,0.430821318,0.087508148,0.370611321
0.314889483,0.361189033,0.369726476,0.141266523,0.349868749,0.212207504,0.335127625,0.127382178,0.338494308,0.059935622,0.430821318,0.087508148,0.460798108,0.370611321,0.124401922
0.369726476,0.141266523,0.349868749,0.212207504,0.335127625,0.127382178,0.338494308,0.059935622,0.430821318,0.087508148,0.460798108,0.370611321,0.448548704,0.124401922,0.182432032
0.349868749,0.212207504,0.335127625,0.127382178,0.338494308,0.059935622,0.430821318,0.087508148,0.460798108,0.370611321,0.448548704,0.124401922,0.458230298,0.182432032,0.121250639
0.335127625,0.127382178,0.338494308,0.059935622,0.430821318,0.087508148,0.460798108,0.370611321,0.448548704,0.124401922,0.458230298,0.182432032,0.478943969,0.121250639,0.096209649
0.338494308,0.059935622,0.430821318,0.087508148,0.460798108,0.370611321,0.448548704,0.124401922,0.458230298,0.182432032,0.478943969,0.121250639,0.501578729,0.096209649,0.237247253
0.430821318,0.087508148,0.460798108,0.370611321,0.448548704,0.124401922,0.458230298,0.182432032,0.478943969,0.121250639,0.501578729,0.096209649,0.554570699,0.237247253,0.251193976
0.460798108,0.370611321,0.448548704,0.124401922,0.458230298,0.182432032,0.478943969,0.121250639,0.501578729,0.096209649,0.554570699,0.237247253,0.488054933,0.251193976,0.487173353
0.448548704,0.124401922,0.458230298,0.182432032,0.478943969,0.121250639,0.501578729,0.096209649,0.554570699,0.237247253,0.488054933,0.251193976,0.410526107,0.487173353,0.237775749
0.458230298,0.182432032,0.478943969,0.121250639,0.501578729,0.096209649,0.554570699,0.237247253,0.488054933,0.251193976,0.410526107,0.487173353,0.393901925,0.237775749,0.155943244
0.478943969,0.121250639,0.501578729,0.096209649,0.554570699,0.237247253,0.488054933,0.251193976,0.410526107,0.487173353,0.393901925,0.237775749,0.389793431,0.155943244,0.068174135
0.501578729,0.096209649,0.554570699,0.237247253,0.488054933,0.251193976,0.410526107,0.487173353,0.393901925,0.237775749,0.389793431,0.155943244,0.431449004,0.068174135,0.362499408
0.554570699,0.237247253,0.488054933,0.251193976,0.410526107,0.487173353,0.393901925,0.237775749,0.389793431,0.155943244,0.431449004,0.068174135,0.442062614,0.362499408,0.244674705
0.488054933,0.251193976,0.410526107,0.487173353,0.393901925,0.237775749,0.389793431,0.155943244,0.431449004,0.068174135,0.442062614,0.362499408,0.519039831,0.244674705,0.081508516
0.410526107,0.487173353,0.393901925,0.237775749,0.389793431,0.155943244,0.431449004,0.068174135,0.442062614,0.362499408,0.519039831,0.244674705,0.410240805,0.081508516,0.059181663
0.393901925,0.237775749,0.389793431,0.155943244,0.431449004,0.068174135,0.442062614,0.362499408,0.519039831,0.244674705,0.410240805,0.081508516,0.485296914,0.059181663,0.282044156
0.389793431,0.155943244,0.431449004,0.068174135,0.442062614,0.362499408,0.519039831,0.244674705,0.410240805,0.081508516,0.485296914,0.059181663,0.490489591,0.282044156,0.615323636
0.431449004,0.068174135,0.442062614,0.362499408,0.519039831,0.244674705,0.410240805,0.081508516,0.485296914,0.059181663,0.490489591,0.282044156,0.373853988,0.615323636,0.512363801
0.442062614,0.362499408,0.519039831,0.244674705,0.410240805,0.081508516,0.485296914,0.059181663,0.490489591,0.282044156,0.373853988,0.615323636,0.307585491,0.512363801,0.435670712
0.519039831,0.244674705,0.410240805,0.081508516,0.485296914,0.059181663,0.490489591,0.282044156,0.373853988,0.615323636,0.307585491,0.512363801,0.361433404,0.435670712,0.669505496
0.410240805,0.081508516,0.485296914,0.059181663,0.490489591,0.282044156,0.373853988,0.615323636,0.307585491,0.512363801,0.361433404,0.435670712,0.43523414,0.669505496,0.801278094
0.485296914,0.059181663,0.490489591,0.282044156,0.373853988,0.615323636,0.307585491,0.512363801,0.361433404,0.435670712,0.43523414,0.669505496,0.316258981,0.801278094,0.503529515
0.490489591,0.282044156,0.373853988,0.615323636,0.307585491,0.512363801,0.361433404,0.435670712,0.43523414,0.669505496,0.316258981,0.801278094,0.316316045,0.503529515,0.28656468
0.373853988,0.615323636,0.307585491,0.512363801,0.361433404,0.435670712,0.43523414,0.669505496,0.316258981,0.801278094,0.316316045,0.503529515,0.398314754,0.28656468,0.220142349
0.307585491,0.512363801,0.361433404,0.435670712,0.43523414,0.669505496,0.316258981,0.801278094,0.316316045,0.503529515,0.398314754,0.28656468,0.495511093,0.220142349,0.303996553
0.361433404,0.435670712,0.43523414,0.669505496,0.316258981,0.801278094,0.316316045,0.503529515,0.398314754,0.28656468,0.495511093,0.220142349,0.533761939,0.303996553,0.377032284
0.43523414,0.669505496,0.316258981,0.801278094,0.316316045,0.503529515,0.398314754,0.28656468,0.495511093,0.220142349,0.533761939,0.303996553,0.447921019,0.377032284,0.442587578
0.316258981,0.801278094,0.316316045,0.503529515,0.398314754,0.28656468,0.495511093,0.220142349,0.533761939,0.303996553,0.447921019,0.377032284,0.391067824,0.442587578,0.169251789
0.316316045,0.503529515,0.398314754,0.28656468,0.495511093,0.220142349,0.533761939,0.303996553,0.447921019,0.377032284,0.391067824,0.442587578,0.39502415,0.169251789,0.168473387
0.398314754,0.28656468,0.495511093,0.220142349,0.533761939,0.303996553,0.447921019,0.377032284,0.391067824,0.442587578,0.39502415,0.169251789,0.430136564,0.168473387,0.211186397
0.495511093,0.220142349,0.533761939,0.303996553,0.447921019,0.377032284,0.391067824,0.442587578,0.39502415,0.169251789,0.430136564,0.168473387,0.458002048,0.211186397,0.391503479
0.533761939,0.303996553,0.447921019,0.377032284,0.391067824,0.442587578,0.39502415,0.169251789,0.430136564,0.168473387,0.458002048,0.211186397,0.441758285,0.391503479,0.183987072
0.447921019,0.377032284,0.391067824,0.442587578,0.39502415,0.169251789,0.430136564,0.168473387,0.458002048,0.211186397,0.441758285,0.391503479,0.459390577,0.183987072,0.095114945
0.391067824,0.442587578,0.39502415,0.169251789,0.430136564,0.168473387,0.458002048,0.211186397,0.441758285,0.391503479,0.459390577,0.183987072,0.463765355,0.095114945,0.166187175
0.39502415,0.169251789,0.430136564,0.168473387,0.458002048,0.211186397,0.441758285,0.391503479,0.459390577,0.183987072,0.463765355,0.095114945,0.493494883,0.166187175,0.809623279
0.430136564,0.168473387,0.458002048,0.211186397,0.441758285,0.391503479,0.459390577,0.183987072,0.463765355,0.095114945,0.493494883,0.166187175,0.401681434,0.809623279,0.431362922
0.458002048,0.211186397,0.441758285,0.391503479,0.459390577,0.183987072,0.463765355,0.095114945,0.493494883,0.166187175,0.401681434,0.809623279,0.323715137,0.431362922,0.122832564
0.441758285,0.391503479,0.459390577,0.183987072,0.463765355,0.095114945,0.493494883,0.166187175,0.401681434,0.809623279,0.323715137,0.431362922,0.351827898,0.122832564,0.220503239
0.459390577,0.183987072,0.463765355,0.095114945,0.493494883,0.166187175,0.401681434,0.809623279,0.323715137,0.431362922,0.351827898,0.122832564,0.439627956,0.220503239,0.435904978
0.463765355,0.095114945,0.493494883,0.166187175,0.401681434,0.809623279,0.323715137,0.431362922,0.351827898,0.122832564,0.439627956,0.220503239,0.502967244,0.435904978,0.292210838
0.493494883,0.166187175,0.401681434,0.809623279,0.323715137,0.431362922,0.351827898,0.122832564,0.439627956,0.220503239,0.502967244,0.435904978,0.537528056,0.292210838,0.4654872
0.401681434,0.809623279,0.323715137,0.431362922,0.351827898,0.122832564,0.439627956,0.220503239,0.502967244,0.435904978,0.537528056,0.292210838,0.587762015,0.4654872,0.199139313
0.323715137,0.431362922,0.351827898,0.122832564,0.439627956,0.220503239,0.502967244,0.435904978,0.537528056,0.292210838,0.587762015,0.4654872,0.421786427,0.199139313,0.438130666
0.351827898,0.122832564,0.439627956,0.220503239,0.502967244,0.435904978,0.537528056,0.292210838,0.587762015,0.4654872,0.421786427,0.199139313,0.468311331,0.438130666,0.176528595
0.439627956,0.220503239,0.502967244,0.435904978,0.537528056,0.292210838,0.587762015,0.4654872,0.421786427,0.199139313,0.468311331,0.438130666,0.467265182,0.176528595,0.150889153
0.502967244,0.435904978,0.537528056,0.292210838,0.587762015,0.4654872,0.421786427,0.199139313,0.468311331,0.438130666,0.467265182,0.176528595,0.428177422,0.150889153,0.214046685
0.537528056,0.292210838,0.587762015,0.4654872,0.421786427,0.199139313,0.468311331,0.438130666,0.467265182,0.176528595,0.428177422,0.150889153,0.461463838,0.214046685,0.126653803
0.587762015,0.4654872,0.421786427,0.199139313,0.468311331,0.438130666,0.467265182,0.176528595,0.428177422,0.150889153,0.461463838,0.214046685,0.396755042,0.126653803,0.127544982
0.421786427,0.199139313,0.468311331,0.438130666,0.467265182,0.176528595,0.428177422,0.150889153,0.461463838,0.214046685,0.396755042,0.126653803,0.409099553,0.127544982,0.146130217
0.468311331,0.438130666,0.467265182,0.176528595,0.428177422,0.150889153,0.461463838,0.214046685,0.396755042,0.126653803,0.409099553,0.127544982,0.447464525,0.146130217,0.109398321
0.467265182,0.176528595,0.428177422,0.150889153,0.461463838,0.214046685,0.396755042,0.126653803,0.409099553,0.127544982,0.447464525,0.146130217,0.470650894,0.109398321,0.142375015
0.428177422,0.150889153,0.461463838,0.214046685,0.396755042,0.126653803,0.409099553,0.127544982,0.447464525,0.146130217,0.470650894,0.109398321,0.530319172,0.142375015,0.149613032
0.461463838,0.214046685,0.396755042,0.126653803,0.409099553,0.127544982,0.447464525,0.146130217,0.470650894,0.109398321,0.530319172,0.142375015,0.533039142,0.149613032,0.337337525
0.396755042,0.126653803,0.409099553,0.127544982,0.447464525,0.146130217,0.470650894,0.109398321,0.530319172,0.142375015,0.533039142,0.149613032,0.59925058,0.337337525,0.209301915
0.409099553,0.127544982,0.447464525,0.146130217,0.470650894,0.109398321,0.530319172,0.142375015,0.533039142,0.149613032,0.59925058,0.337337525,0.555046223,0.209301915,0.273364943
0.447464525,0.146130217,0.470650894,0.109398321,0.530319172,0.142375015,0.533039142,0.149613032,0.59925058,0.337337525,0.555046223,0.209301915,0.540076844,0.273364943,0.424178107
0.470650894,0.109398321,0.530319172,0.142375015,0.533039142,0.149613032,0.59925058,0.337337525,0.555046223,0.209301915,0.540076844,0.273364943,0.513999311,0.424178107,0.22990046
0.530319172,0.142375015,0.533039142,0.149613032,0.59925058,0.337337525,0.555046223,0.209301915,0.540076844,0.273364943,0.513999311,0.424178107,0.459371551,0.22990046,0.272192016
0.533039142,0.149613032,0.59925058,0.337337525,0.555046223,0.209301915,0.540076844,0.273364943,0.513999311,0.424178107,0.459371551,0.22990046,0.480066189,0.272192016,0.174466416
0.59925058,0.337337525,0.555046223,0.209301915,0.540076844,0.273364943,0.513999311,0.424178107,0.459371551,0.22990046,0.480066189,0.272192016,0.491193364,0.174466416,0.127793509
0.555046223,0.209301915,0.540076844,0.273364943,0.513999311,0.424178107,0.459371551,0.22990046,0.480066189,0.272192016,0.491193364,0.174466416,0.479172211,0.127793509,0.253959727
0.540076844,0.273364943,0.513999311,0.424178107,0.459371551,0.22990046,0.480066189,0.272192016,0.491193364,0.174466416,0.479172211,0.127793509,0.510594594,0.253959727,0.255674826
0.513999311,0.424178107,0.459371551,0.22990046,0.480066189,0.272192016,0.491193364,0.174466416,0.479172211,0.127793509,0.510594594,0.253959727,0.514455806,0.255674826,0.138335191
0.459371551,0.22990046,0.480066189,0.272192016,0.491193364,0.174466416,0.479172211,0.127793509,0.510594594,0.253959727,0.514455806,0.255674826,0.593772596,0.138335191,0.123047643
0.480066189,0.272192016,0.491193364,0.174466416,0.479172211,0.127793509,0.510594594,0.253959727,0.514455806,0.255674826,0.593772596,0.138335191,0.565203333,0.123047643,0.094974371
0.491193364,0.174466416,0.479172211,0.127793509,0.510594594,0.253959727,0.514455806,0.255674826,0.593772596,0.138335191,0.565203333,0.123047643,0.528949672,0.094974371,0.19975587
0.479172211,0.127793509,0.510594594,0.253959727,0.514455806,0.255674826,0.593772596,0.138335191,0.565203333,0.123047643,0.528949672,0.094974371,0.573039908,0.19975587,0.351084587
0.510594594,0.253959727,0.514455806,0.255674826,0.593772596,0.138335191,0.565203333,0.123047643,0.528949672,0.094974371,0.573039908,0.19975587,0.638680725,0.351084587,0.245173504
0.514455806,0.255674826,0.593772596,0.138335191,0.565203333,0.123047643,0.528949672,0.094974371,0.573039908,0.19975587,0.638680725,0.351084587,0.542739764,0.245173504,0.422737969
0.593772596,0.138335191,0.565203333,0.123047643,0.528949672,0.094974371,0.573039908,0.19975587,0.638680725,0.351084587,0.542739764,0.245173504,0.576558761,0.422737969,0.377917811
0.565203333,0.123047643,0.528949672,0.094974371,0.573039908,0.19975587,0.638680725,0.351084587,0.542739764,0.245173504,0.576558761,0.422737969,0.15882375,0.377917811,0.256609461
0.528949672,0.094974371,0.573039908,0.19975587,0.638680725,0.351084587,0.542739764,0.245173504,0.576558761,0.422737969,0.15882375,0.377917811,0.159356332,0.256609461,0.147383224
0.573039908,0.19975587,0.638680725,0.351084587,0.542739764,0.245173504,0.576558761,0.422737969,0.15882375,0.377917811,0.159356332,0.256609461,0.244055991,0.147383224,0.223914702
0.638680725,0.351084587,0.542739764,0.245173504,0.576558761,0.422737969,0.15882375,0.377917811,0.159356332,0.256609461,0.244055991,0.147383224,0.247517779,0.223914702,0.102464908
0.542739764,0.245173504,0.576558761,0.422737969,0.15882375,0.377917811,0.159356332,0.256609461,0.244055991,0.147383224,0.247517779,0.223914702,0.271636167,0.102464908,0.161131424
0.576558761,0.422737969,0.15882375,0.377917811,0.159356332,0.256609461,0.244055991,0.147383224,0.247517779,0.223914702,0.271636167,0.102464908,0.385095291,0.161131424,0.291130611
0.15882375,0.377917811,0.159356332,0.256609461,0.244055991,0.147383224,0.247517779,0.223914702,0.271636167,0.102464908,0.385095291,0.161131424,0.434720585,0.291130611,0.366583966
0.159356332,0.256609461,0.244055991,0.147383224,0.247517779,0.223914702,0.271636167,0.102464908,0.385095291,0.161131424,0.434720585,0.291130611,0.350135039,0.366583966,0.349969887
0.244055991,0.147383224,0.247517779,0.223914702,0.271636167,0.102464908,0.385095291,0.161131424,0.434720585,0.291130611,0.350135039,0.366583966,0.32710084,0.349969887,0.268055702
0.247517779,0.223914702,0.271636167,0.102464908,0.385095291,0.161131424,0.434720585,0.291130611,0.350135039,0.366583966,0.32710084,0.349969887,0.435956934,0.268055702,0.278686167
0.271636167,0.102464908,0.385095291,0.161131424,0.434720585,0.291130611,0.350135039,0.366583966,0.32710084,0.349969887,0.435956934,0.268055702,0.438810054,0.278686167,0.531031246
0.385095291,0.161131424,0.434720585,0.291130611,0.350135039,0.366583966,0.32710084,0.349969887,0.435956934,0.268055702,0.438810054,0.278686167,0.370943808,0.531031246,0.252487678
0.434720585,0.291130611,0.350135039,0.366583966,0.32710084,0.349969887,0.435956934,0.268055702,0.438810054,0.278686167,0.370943808,0.531031246,0.309164218,0.252487678,0.302375963
0.350135039,0.366583966,0.32710084,0.349969887,0.435956934,0.268055702,0.438810054,0.278686167,0.370943808,0.531031246,0.309164218,0.252487678,0.317267084,0.302375963,0.315777207
0.32710084,0.349969887,0.435956934,0.268055702,0.438810054,0.278686167,0.370943808,0.531031246,0.309164218,0.252487678,0.317267084,0.302375963,0.27785597,0.315777207,0.230671164
0.435956934,0.268055702,0.438810054,0.278686167,0.370943808,0.531031246,0.309164218,0.252487678,0.317267084,0.302375963,0.27785597,0.315777207,0.287214209,0.230671164,0.383902773
0.438810054,0.278686167,0.370943808,0.531031246,0.309164218,0.252487678,0.317267084,0.302375963,0.27785597,0.315777207,0.287214209,0.230671164,0.162019245,0.383902773,0.242329822
0.370943808,0.531031246,0.309164218,0.252487678,0.317267084,0.302375963,0.27785597,0.315777207,0.287214209,0.230671164,0.162019245,0.383902773,0.262620302,0.242329822,0.180294888
0.309164218,0.252487678,0.317267084,0.302375963,0.27785597,0.315777207,0.287214209,0.230671164,0.162019245,0.383902773,0.262620302,0.242329822,0.344638033,0.180294888,0.180133235
0.317267084,0.302375963,0.27785597,0.315777207,0.287214209,0.230671164,0.162019245,0.383902773,0.262620302,0.242329822,0.344638033,0.180294888,0.297200129,0.180133235,0.243275672
0.27785597,0.315777207,0.287214209,0.230671164,0.162019245,0.383902773,0.262620302,0.242329822,0.344638033,0.180294888,0.297200129,0.180133235,0.409384865,0.243275672,0.360795688
0.287214209,0.230671164,0.162019245,0.383902773,0.262620302,0.242329822,0.344638033,0.180294888,0.297200129,0.180133235,0.409384865,0.243275672,0.502377598,0.360795688,0.705855927
0.162019245,0.383902773,0.262620302,0.242329822,0.344638033,0.180294888,0.297200129,0.180133235,0.409384865,0.243275672,0.502377598,0.360795688,0.403811771,0.705855927,0.353282611
0.262620302,0.242329822,0.344638033,0.180294888,0.297200129,0.180133235,0.409384865,0.243275672,0.502377598,0.360795688,0.403811771,0.705855927,0.33868452,0.353282611,0.341548011
0.344638033,0.180294888,0.297200129,0.180133235,0.409384865,0.243275672,0.502377598,0.360795688,0.403811771,0.705855927,0.33868452,0.353282611,0.450146459,0.341548011,0.149584325
0.297200129,0.180133235,0.409384865,0.243275672,0.502377598,0.360795688,0.403811771,0.705855927,0.33868452,0.353282611,0.450146459,0.341548011,0.381861756,0.149584325,0.181623142
0.409384865,0.243275672,0.502377598,0.360795688,0.403811771,0.705855927,0.33868452,0.353282611,0.450146459,0.341548011,0.381861756,0.149584325,0.401909687,0.181623142,0.170359427
0.502377598,0.360795688,0.403811771,0.705855927,0.33868452,0.353282611,0.450146459,0.341548011,0.381861756,0.149584325,0.401909687,0.181623142,0.477840756,0.170359427,0.449211482
0.403811771,0.705855927,0.33868452,0.353282611,0.450146459,0.341548011,0.381861756,0.149584325,0.401909687,0.181623142,0.477840756,0.170359427,0.242001745,0.449211482,0.154720205
0.33868452,0.353282611,0.450146459,0.341548011,0.381861756,0.149584325,0.401909687,0.181623142,0.477840756,0.170359427,0.242001745,0.449211482,0.286548479,0.154720205,0.095785283
0.450146459,0.341548011,0.381861756,0.149584325,0.401909687,0.181623142,0.477840756,0.170359427,0.242001745,0.449211482,0.286548479,0.154720205,0.372788831,0.095785283,0.213466657
0.381861756,0.149584325,0.401909687,0.181623142,0.477840756,0.170359427,0.242001745,0.449211482,0.286548479,0.154720205,0.372788831,0.095785283,0.366968461,0.213466657,0.318835881
0.401909687,0.181623142,0.477840756,0.170359427,0.242001745,0.449211482,0.286548479,0.154720205,0.372788831,0.095785283,0.366968461,0.213466657,0.322478789,0.318835881,0.322793013
0.477840756,0.170359427,0.242001745,0.449211482,0.286548479,0.154720205,0.372788831,0.095785283,0.366968461,0.213466657,0.322478789,0.318835881,0.378000528,0.322793013,0.423006785
0.242001745,0.449211482,0.286548479,0.154720205,0.372788831,0.095785283,0.366968461,0.213466657,0.322478789,0.318835881,0.378000528,0.322793013,0.336668311,0.423006785,0.263772247
0.286548479,0.154720205,0.372788831,0.095785283,0.366968461,0.213466657,0.322478789,0.318835881,0.378000528,0.322793013,0.336668311,0.423006785,0.300547797,0.263772247,0.134417699
0.372788831,0.095785283,0.366968461,0.213466657,0.322478789,0.318835881,0.378000528,0.322793013,0.336668311,0.423006785,0.300547797,0.263772247,0.314547111,0.134417699,0.082076542
0.366968461,0.213466657,0.322478789,0.318835881,0.378000528,0.322793013,0.336668311,0.423006785,0.300547797,0.263772247,0.314547111,0.134417699,0.332027235,0.082076542,0.126736454
0.322478789,0.318835881,0.378000528,0.322793013,0.336668311,0.423006785,0.300547797,0.263772247,0.314547111,0.134417699,0.332027235,0.082076542,0.390516224,0.126736454,0.255150849
0.378000528,0.322793013,0.336668311,0.423006785,0.300547797,0.263772247,0.314547111,0.134417699,0.332027235,0.082076542,0.390516224,0.126736454,0.470879139,0.255150849,0.334689008
0.336668311,0.423006785,0.300547797,0.263772247,0.314547111,0.134417699,0.332027235,0.082076542,0.390516224,0.126736454,0.470879139,0.255150849,0.537680222,0.334689008,0.226064473
0.300547797,0.263772247,0.314547111,0.134417699,0.332027235,0.082076542,0.390516224,0.126736454,0.470879139,0.255150849,0.537680222,0.334689008,0.451972455,0.226064473,0.226456469
0.314547111,0.134417699,0.332027235,0.082076542,0.390516224,0.126736454,0.470879139,0.255150849,0.537680222,0.334689008,0.451972455,0.226064473,0.482653024,0.226456469,0.129299689
0.332027235,0.082076542,0.390516224,0.126736454,0.470879139,0.255150849,0.537680222,0.334689008,0.451972455,0.226064473,0.482653024,0.226456469,0.509719634,0.129299689,0.333344497
0.390516224,0.126736454,0.470879139,0.255150849,0.537680222,0.334689008,0.451972455,0.226064473,0.482653024,0.226456469,0.509719634,0.129299689,0.532905997,0.333344497,0.483757442
0.470879139,0.255150849,0.537680222,0.334689008,0.451972455,0.226064473,0.482653024,0.226456469,0.509719634,0.129299689,0.532905997,0.333344497,0.558774303,0.483757442,0.51419103
0.537680222,0.334689008,0.451972455,0.226064473,0.482653024,0.226456469,0.509719634,0.129299689,0.532905997,0.333344497,0.558774303,0.483757442,0.451839304,0.51419103,0.398681585
0.451972455,0.226064473,0.482653024,0.226456469,0.509719634,0.129299689,0.532905997,0.333344497,0.558774303,0.483757442,0.451839304,0.51419103,0.343572863,0.398681585,0.098030758
0.482653024,0.226456469,0.509719634,0.129299689,0.532905997,0.333344497,0.558774303,0.483757442,0.451839304,0.51419103,0.343572863,0.398681585,0.284874646,0.098030758,0.075707407
0.509719634,0.129299689,0.532905997,0.333344497,0.558774303,0.483757442,0.451839304,0.51419103,0.343572863,0.398681585,0.284874646,0.098030758,0.334005401,0.075707407,0.12669532
0.532905997,0.333344497,0.558774303,0.483757442,0.451839304,0.51419103,0.343572863,0.398681585,0.284874646,0.098030758,0.334005401,0.075707407,0.345703201,0.12669532,0.14945414
0.558774303,0.483757442,0.451839304,0.51419103,0.343572863,0.398681585,0.284874646,0.098030758,0.334005401,0.075707407,0.345703201,0.12669532,0.397287639,0.14945414,0.184016022
0.451839304,0.51419103,0.343572863,0.398681585,0.284874646,0.098030758,0.334005401,0.075707407,0.345703201,0.12669532,0.397287639,0.14945414,0.490717846,0.184016022,0.220894938
0.343572863,0.398681585,0.284874646,0.098030758,0.334005401,0.075707407,0.345703201,0.12669532,0.397287639,0.14945414,0.490717846,0.184016022,0.537052538,0.220894938,0.18904732
0.284874646,0.098030758,0.334005401,0.075707407,0.345703201,0.12669532,0.397287639,0.14945414,0.490717846,0.184016022,0.537052538,0.220894938,0.561684487,0.18904732,0.104536221
0.334005401,0.075707407,0.345703201,0.12669532,0.397287639,0.14945414,0.490717846,0.184016022,0.537052538,0.220894938,0.561684487,0.18904732,0.572545363,0.104536221,0.22000752
0.345703201,0.12669532,0.397287639,0.14945414,0.490717846,0.184016022,0.537052538,0.220894938,0.561684487,0.18904732,0.572545363,0.104536221,0.508236013,0.22000752,0.045268212
0.397287639,0.14945414,0.490717846,0.184016022,0.537052538,0.220894938,0.561684487,0.18904732,0.572545363,0.104536221,0.508236013,0.22000752,0.449423669,0.045268212,0.134502083
0.490717846,0.184016022,0.537052538,0.220894938,0.561684487,0.18904732,0.572545363,0.104536221,0.508236013,0.22000752,0.449423669,0.045268212,0.412485254,0.134502083,0.232209346
0.537052538,0.220894938,0.561684487,0.18904732,0.572545363,0.104536221,0.508236013,0.22000752,0.449423669,0.045268212,0.412485254,0.134502083,0.376326697,0.232209346,0.224672459
0.561684487,0.18904732,0.572545363,0.104536221,0.508236013,0.22000752,0.449423669,0.045268212,0.412485254,0.134502083,0.376326697,0.232209346,0.377068507,0.224672459,0.210523738
0.572545363,0.104536221,0.508236013,0.22000752,0.449423669,0.045268212,0.412485254,0.134502083,0.376326697,0.232209346,0.377068507,0.224672459,0.493418803,0.210523738,0.526165042
0.508236013,0.22000752,0.449423669,0.045268212,0.412485254,0.134502083,0.376326697,0.232209346,0.377068507,0.224672459,0.493418803,0.210523738,0.478259216,0.526165042,0.625787287
0.449423669,0.045268212,0.412485254,0.134502083,0.376326697,0.232209346,0.377068507,0.224672459,0.493418803,0.210523738,0.478259216,0.526165042,0.437003082,0.625787287,0.318958342
0.412485254,0.134502083,0.376326697,0.232209346,0.377068507,0.224672459,0.493418803,0.210523738,0.478259216,0.526165042,0.437003082,0.625787287,0.411020651,0.318958342,0.017410172
0.376326697,0.232209346,0.377068507,0.224672459,0.493418803,0.210523738,0.478259216,0.526165042,0.437003082,0.625787287,0.411020651,0.318958342,0.392532422,0.017410172,0.199962464
0.377068507,0.224672459,0.493418803,0.210523738,0.478259216,0.526165042,0.437003082,0.625787287,0.411020651,0.318958342,0.392532422,0.017410172,0.433198917,0.199962464,0.783668641
0.493418803,0.210523738,0.478259216,0.526165042,0.437003082,0.625787287,0.411020651,0.318958342,0.392532422,0.017410172,0.433198917,0.199962464,0.460855173,0.783668641,0.462035231
0.478259216,0.526165042,0.437003082,0.625787287,0.411020651,0.318958342,0.392532422,0.017410172,0.433198917,0.199962464,0.460855173,0.783668641,0.362213253,0.462035231,0.045388772
0.437003082,0.625787287,0.411020651,0.318958342,0.392532422,0.017410172,0.433198917,0.199962464,0.460855173,0.783668641,0.362213253,0.462035231,0.389907557,0.045388772,0.223463258
0.411020651,0.318958342,0.392532422,0.017410172,0.433198917,0.199962464,0.460855173,0.783668641,0.362213253,0.462035231,0.389907557,0.045388772,0.451744207,0.223463258,0.183121059
0.392532422,0.017410172,0.433198917,0.199962464,0.460855173,0.783668641,0.362213253,0.462035231,0.389907557,0.045388772,0.451744207,0.223463258,0.558013468,0.183121059,0.429528294
0.433198917,0.199962464,0.460855173,0.783668641,0.362213253,0.462035231,0.389907557,0.045388772,0.451744207,0.223463258,0.558013468,0.183121059,0.536500937,0.429528294,0.831891859
0.460855173,0.783668641,0.362213253,0.462035231,0.389907557,0.045388772,0.451744207,0.223463258,0.558013468,0.183121059,0.536500937,0.429528294,0.466066878,0.831891859,0.486249761
0.362213253,0.462035231,0.389907557,0.045388772,0.451744207,0.223463258,0.558013468,0.183121059,0.536500937,0.429528294,0.466066878,0.831891859,0.401301019,0.486249761,0.174168611
0.389907557,0.045388772,0.451744207,0.223463258,0.558013468,0.183121059,0.536500937,0.429528294,0.466066878,0.831891859,0.401301019,0.486249761,0.386750103,0.174168611,0.050526253
0.451744207,0.223463258,0.558013468,0.183121059,0.536500937,0.429528294,0.466066878,0.831891859,0.401301019,0.486249761,0.386750103,0.174168611,0.365408753,0.050526253,0.19783485
0.558013468,0.183121059,0.536500937,0.429528294,0.466066878,0.831891859,0.401301019,0.486249761,0.386750103,0.174168611,0.365408753,0.050526253,0.427701903,0.19783485,0.111912636
0.536500937,0.429528294,0.466066878,0.831891859,0.401301019,0.486249761,0.386750103,0.174168611,0.365408753,0.050526253,0.427701903,0.19783485,0.551660523,0.111912636,0.109898158
0.466066878,0.831891859,0.401301019,0.486249761,0.386750103,0.174168611,0.365408753,0.050526253,0.427701903,0.19783485,0.551660523,0.111912636,0.523852097,0.109898158,0.193215137
0.401301019,0.486249761,0.386750103,0.174168611,0.365408753,0.050526253,0.427701903,0.19783485,0.551660523,0.111912636,0.523852097,0.109898158,0.575816945,0.193215137,0.236765072
0.386750103,0.174168611,0.365408753,0.050526253,0.427701903,0.19783485,0.551660523,0.111912636,0.523852097,0.109898158,0.575816945,0.193215137,0.633640205,0.236765072,0.481209295
0.365408753,0.050526253,0.427701903,0.19783485,0.551660523,0.111912636,0.523852097,0.109898158,0.575816945,0.193215137,0.633640205,0.236765072,0.578346712,0.481209295,0.436754262
0.427701903,0.19783485,0.551660523,0.111912636,0.523852097,0.109898158,0.575816945,0.193215137,0.633640205,0.236765072,0.578346712,0.481209295,0.527846465,0.436754262,0.184595145
0.551660523,0.111912636,0.523852097,0.109898158,0.575816945,0.193215137,0.633640205,0.236765072,0.578346712,0.481209295,0.527846465,0.436754262,0.429128461,0.184595145,0.162658347
0.523852097,0.109898158,0.575816945,0.193215137,0.633640205,0.236765072,0.578346712,0.481209295,0.527846465,0.436754262,0.429128461,0.184595145,0.441549055,0.162658347,0.27401062
0.575816945,0.193215137,0.633640205,0.236765072,0.578346712,0.481209295,0.527846465,0.436754262,0.429128461,0.184595145,0.441549055,0.162658347,0.487617453,0.27401062,0.431836602
0.633640205,0.236765072,0.578346712,0.481209295,0.527846465,0.436754262,0.429128461,0.184595145,0.441549055,0.162658347,0.487617453,0.27401062,0.544147295,0.431836602,0.172203997
0.578346712,0.481209295,0.527846465,0.436754262,0.429128461,0.184595145,0.441549055,0.162658347,0.487617453,0.27401062,0.544147295,0.431836602,0.540799637,0.172203997,0.22586299
0.527846465,0.436754262,0.429128461,0.184595145,0.441549055,0.162658347,0.487617453,0.27401062,0.544147295,0.431836602,0.540799637,0.172203997,0.506714339,0.22586299,0.335324677
0.429128461,0.184595145,0.441549055,0.162658347,0.487617453,0.27401062,0.544147295,0.431836602,0.540799637,0.172203997,0.506714339,0.22586299,0.530699579,0.335324677,0.321586005
0.441549055,0.162658347,0.487617453,0.27401062,0.544147295,0.431836602,0.540799637,0.172203997,0.506714339,0.22586299,0.530699579,0.335324677,0.519192003,0.321586005,0.39083508
0.487617453,0.27401062,0.544147295,0.431836602,0.540799637,0.172203997,0.506714339,0.22586299,0.530699579,0.335324677,0.519192003,0.321586005,0.571632368,0.39083508,0.223216619
0.544147295,0.431836602,0.540799637,0.172203997,0.506714339,0.22586299,0.530699579,0.335324677,0.519192003,0.321586005,0.571632368,0.39083508,0.535511854,0.223216619,0.13822867
0.540799637,0.172203997,0.506714339,0.22586299,0.530699579,0.335324677,0.519192003,0.321586005,0.571632368,0.39083508,0.535511854,0.223216619,0.561285053,0.13822867,0.264797354
0.506714339,0.22586299,0.530699579,0.335324677,0.519192003,0.321586005,0.571632368,0.39083508,0.535511854,0.223216619,0.561285053,0.13822867,0.624358048,0.264797354,0.472204363
0.530699579,0.335324677,0.519192003,0.321586005,0.571632368,0.39083508,0.535511854,0.223216619,0.561285053,0.13822867,0.624358048,0.264797354,0.545992318,0.472204363,0.144168889
0.519192003,0.321586005,0.571632368,0.39083508,0.535511854,0.223216619,0.561285053,0.13822867,0.624358048,0.264797354,0.545992318,0.472204363,0.505744288,0.144168889,0.075688982
0.571632368,0.39083508,0.535511854,0.223216619,0.561285053,0.13822867,0.624358048,0.264797354,0.545992318,0.472204363,0.505744288,0.144168889,0.534579826,0.075688982,0.086257149
0.535511854,0.223216619,0.561285053,0.13822867,0.624358048,0.264797354,0.545992318,0.472204363,0.505744288,0.144168889,0.534579826,0.075688982,0.524099362,0.086257149,0.477977118
0.561285053,0.13822867,0.624358048,0.264797354,0.545992318,0.472204363,0.505744288,0.144168889,0.534579826,0.075688982,0.524099362,0.086257149,0.508083838,0.477977118,1
0.624358048,0.264797354,0.545992318,0.472204363,0.505744288,0.144168889,0.534579826,0.075688982,0.524099362,0.086257149,0.508083838,0.477977118,0.326359031,1,0.201106094
0.545992318,0.472204363,0.505744288,0.144168889,0.534579826,0.075688982,0.524099362,0.086257149,0.508083838,0.477977118,0.326359031,1,0.321813058,0.201106094,0.224915004
0.505744288,0.144168889,0.534579826,0.075688982,0.524099362,0.086257149,0.508083838,0.477977118,0.326359031,1,0.321813058,0.201106094,0.401795567,0.224915004,0.245133269
0.534579826,0.075688982,0.524099362,0.086257149,0.508083838,0.477977118,0.326359031,1,0.321813058,0.201106094,0.401795567,0.224915004,0.411134774,0.245133269,0.224354461
0.524099362,0.086257149,0.508083838,0.477977118,0.326359031,1,0.321813058,0.201106094,0.401795567,0.224915004,0.411134774,0.245133269,0.413778668,0.224354461,0.226861165
0.508083838,0.477977118,0.326359031,1,0.321813058,0.201106094,0.401795567,0.224915004,0.411134774,0.245133269,0.413778668,0.224354461,0.452581122,0.226861165,0.327063811
0.326359031,1,0.321813058,0.201106094,0.401795567,0.224915004,0.411134774,0.245133269,0.413778668,0.224354461,0.452581122,0.226861165,0.476071819,0.327063811,0.452697639
0.321813058,0.201106094,0.401795567,0.224915004,0.411134774,0.245133269,0.413778668,0.224354461,0.452581122,0.226861165,0.476071819,0.327063811,0.523072242,0.452697639,0.47984456
0.401795567,0.224915004,0.411134774,0.245133269,0.413778668,0.224354461,0.452581122,0.226861165,0.476071819,0.327063811,0.523072242,0.452697639,0.585498537,0.47984456,0.246838911
0.411134774,0.245133269,0.413778668,0.224354461,0.452581122,0.226861165,0.476071819,0.327063811,0.523072242,0.452697639,0.585498537,0.47984456,0.569502037,0.246838911,0.441280958
0.413778668,0.224354461,0.452581122,0.226861165,0.476071819,0.327063811,0.523072242,0.452697639,0.585498537,0.47984456,0.569502037,0.246838911,0.640240424,0.441280958,0.035374821
0.452581122,0.226861165,0.476071819,0.327063811,0.523072242,0.452697639,0.585498537,0.47984456,0.569502037,0.246838911,0.640240424,0.441280958,0.469775934,0.035374821,0.196074864
0.476071819,0.327063811,0.523072242,0.452697639,0.585498537,0.47984456,0.569502037,0.246838911,0.640240424,0.441280958,0.469775934,0.035374821,0.459466661,0.196074864,0.214841282
0.523072242,0.452697639,0.585498537,0.47984456,0.569502037,0.246838911,0.640240424,0.441280958,0.469775934,0.035374821,0.459466661,0.196074864,0.417126334,0.214841282,0.178889085
0.585498537,0.47984456,0.569502037,0.246838911,0.640240424,0.441280958,0.469775934,0.035374821,0.459466661,0.196074864,0.417126334,0.214841282,0.383896982,0.178889085,0.134309162
0.569502037,0.246838911,0.640240424,0.441280958,0.469775934,0.035374821,0.459466661,0.196074864,0.417126334,0.214841282,0.383896982,0.178889085,0.39924677,0.134309162,0.151973621
0.640240424,0.441280958,0.469775934,0.035374821,0.459466661,0.196074864,0.417126334,0.214841282,0.383896982,0.178889085,0.39924677,0.134309162,0.390059722,0.151973621,0.176281234
0.469775934,0.035374821,0.459466661,0.196074864,0.417126334,0.214841282,0.383896982,0.178889085,0.39924677,0.134309162,0.390059722,0.151973621,0.384790955,0.176281234,0.136738607
0.459466661,0.196074864,0.417126334,0.214841282,0.383896982,0.178889085,0.39924677,0.134309162,0.390059722,0.151973621,0.384790955,0.176281234,0.383212231,0.136738607,0.668396417
0.417126334,0.214841282,0.383896982,0.178889085,0.39924677,0.134309162,0.390059722,0.151973621,0.384790955,0.176281234,0.383212231,0.136738607,0.419313726,0.668396417,0.166698922
0.383896982,0.178889085,0.39924677,0.134309162,0.390059722,0.151973621,0.384790955,0.176281234,0.383212231,0.136738607,0.419313726,0.668396417,0.332711982,0.166698922,0.167479032
0.39924677,0.134309162,0.390059722,0.151973621,0.384790955,0.176281234,0.383212231,0.136738607,0.419313726,0.668396417,0.332711982,0.166698922,0.269791148,0.167479032,0.375125462
0.390059722,0.151973621,0.384790955,0.176281234,0.383212231,0.136738607,0.419313726,0.668396417,0.332711982,0.166698922,0.269791148,0.167479032,0.167744509,0.375125462,0.172764712
0.384790955,0.176281234,0.383212231,0.136738607,0.419313726,0.668396417,0.332711982,0.166698922,0.269791148,0.167479032,0.167744509,0.375125462,0.136740591,0.172764712,0.112888058
0.383212231,0.136738607,0.419313726,0.668396417,0.332711982,0.166698922,0.269791148,0.167479032,0.167744509,0.375125462,0.136740591,0.172764712,0.270228626,0.112888058,0.2965683
0.419313726,0.668396417,0.332711982,0.166698922,0.269791148,0.167479032,0.167744509,0.375125462,0.136740591,0.172764712,0.270228626,0.112888058,0.320500622,0.2965683,0.251417322
0.332711982,0.166698922,0.269791148,0.167479032,0.167744509,0.375125462,0.136740591,0.172764712,0.270228626,0.112888058,0.320500622,0.2965683,0.407235505,0.251417322,0.342195581
0.269791148,0.167479032,0.167744509,0.375125462,0.136740591,0.172764712,0.270228626,0.112888058,0.320500622,0.2965683,0.407235505,0.251417322,0.51392323,0.342195581,0.315603498
0.167744509,0.375125462,0.136740591,0.172764712,0.270228626,0.112888058,0.320500622,0.2965683,0.407235505,0.251417322,0.51392323,0.342195581,0.510214176,0.315603498,0.237481371
0.136740591,0.172764712,0.270228626,0.112888058,0.320500622,0.2965683,0.407235505,0.251417322,0.51392323,0.342195581,0.510214176,0.315603498,0.513809101,0.237481371,0.185758028
0.270228626,0.112888058,0.320500622,0.2965683,0.407235505,0.251417322,0.51392323,0.342195581,0.510214176,0.315603498,0.513809101,0.237481371,0.48951953,0.185758028,0.533623964
0.320500622,0.2965683,0.407235505,0.251417322,0.51392323,0.342195581,0.510214176,0.315603498,0.513809101,0.237481371,0.48951953,0.185758028,0.510518498,0.533623964,0.309942493
0.407235505,0.251417322,0.51392323,0.342195581,0.510214176,0.315603498,0.513809101,0.237481371,0.48951953,0.185758028,0.510518498,0.533623964,0.474949592,0.309942493,0.113972555
0.51392323,0.342195581,0.510214176,0.315603498,0.513809101,0.237481371,0.48951953,0.185758028,0.510518498,0.533623964,0.474949592,0.309942493,0.463879479,0.113972555,0.16937459
0.510214176,0.315603498,0.513809101,0.237481371,0.48951953,0.185758028,0.510518498,0.533623964,0.474949592,0.309942493,0.463879479,0.113972555,0.489899946,0.16937459,0.188263073
0.513809101,0.237481371,0.48951953,0.185758028,0.510518498,0.533623964,0.474949592,0.309942493,0.463879479,0.113972555,0.489899946,0.16937459,0.497165896,0.188263073,0.661385892
0.48951953,0.185758028,0.510518498,0.533623964,0.474949592,0.309942493,0.463879479,0.113972555,0.489899946,0.16937459,0.497165896,0.188263073,0.529120856,0.661385892,0.75141766
0.510518498,0.533623964,0.474949592,0.309942493,0.463879479,0.113972555,0.489899946,0.16937459,0.497165896,0.188263073,0.529120856,0.661385892,0.476357133,0.75141766,0.399238313
0.474949592,0.309942493,0.463879479,0.113972555,0.489899946,0.16937459,0.497165896,0.188263073,0.529120856,0.661385892,0.476357133,0.75141766,0.504964431,0.399238313,0.108282346
0.463879479,0.113972555,0.489899946,0.16937459,0.497165896,0.188263073,0.529120856,0.661385892,0.476357133,0.75141766,0.504964431,0.399238313,0.310838056,0.108282346,0.17607809
0.489899946,0.16937459,0.497165896,0.188263073,0.529120856,0.661385892,0.476357133,0.75141766,0.504964431,0.399238313,0.310838056,0.108282346,0.30730018,0.17607809,0.473360266
0.497165896,0.188263073,0.529120856,0.661385892,0.476357133,0.75141766,0.504964431,0.399238313,0.310838056,0.108282346,0.30730018,0.17607809,0.276296262,0.473360266,0.552029131
0.529120856,0.661385892,0.476357133,0.75141766,0.504964431,0.399238313,0.310838056,0.108282346,0.30730018,0.17607809,0.276296262,0.473360266,0.171795941,0.552029131,0.196934695
0.476357133,0.75141766,0.504964431,0.399238313,0.310838056,0.108282346,0.30730018,0.17607809,0.276296262,0.473360266,0.171795941,0.552029131,0.172556771,0.196934695,0.399492983
0.504964431,0.399238313,0.310838056,0.108282346,0.30730018,0.17607809,0.276296262,0.473360266,0.171795941,0.552029131,0.172556771,0.196934695,0.141115376,0.399492983,0.366134078
0.310838056,0.108282346,0.30730018,0.17607809,0.276296262,0.473360266,0.171795941,0.552029131,0.172556771,0.196934695,0.141115376,0.399492983,0.128523602,0.366134078,0.27141261
0.30730018,0.17607809,0.276296262,0.473360266,0.171795941,0.552029131,0.172556771,0.196934695,0.141115376,0.399492983,0.128523602,0.366134078,0.131947348,0.27141261,0.096709429
0.276296262,0.473360266,0.171795941,0.552029131,0.172556771,0.196934695,0.141115376,0.399492983,0.128523602,0.366134078,0.131947348,0.27141261,0.215695968,0.096709429,0.082736444
0.171795941,0.552029131,0.172556771,0.196934695,0.141115376,0.399492983,0.128523602,0.366134078,0.131947348,0.27141261,0.215695968,0.096709429,0.284874649,0.082736444,0.269482607
0.172556771,0.196934695,0.141115376,0.399492983,0.128523602,0.366134078,0.131947348,0.27141261,0.215695968,0.096709429,0.284874649,0.082736444,0.33335869,0.269482607,0.422478909
0.141115376,0.399492983,0.128523602,0.366134078,0.131947348,0.27141261,0.215695968,0.096709429,0.284874649,0.082736444,0.33335869,0.269482607,0.377905427,0.422478909,0.289473001
0.128523602,0.366134078,0.131947348,0.27141261,0.215695968,0.096709429,0.284874649,0.082736444,0.33335869,0.269482607,0.377905427,0.422478909,0.454787537,0.289473001,0.33351711
0.131947348,0.27141261,0.215695968,0.096709429,0.284874649,0.082736444,0.33335869,0.269482607,0.377905427,0.422478909,0.454787537,0.289473001,0.518659412,0.33351711,0.313119985
0.215695968,0.096709429,0.284874649,0.082736444,0.33335869,0.269482607,0.377905427,0.422478909,0.454787537,0.289473001,0.518659412,0.33351711,0.513675962,0.313119985,0.268947621
0.284874649,0.082736444,0.33335869,0.269482607,0.377905427,0.422478909,0.454787537,0.289473001,0.518659412,0.33351711,0.513675962,0.313119985,0.472838278,0.268947621,0.334155868
0.33335869,0.269482607,0.377905427,0.422478909,0.454787537,0.289473001,0.518659412,0.33351711,0.513675962,0.313119985,0.472838278,0.268947621,0.402556392,0.334155868,0.202599657
0.377905427,0.422478909,0.454787537,0.289473001,0.518659412,0.33351711,0.513675962,0.313119985,0.472838278,0.268947621,0.402556392,0.334155868,0.37910374,0.202599657,0.260783231
0.454787537,0.289473001,0.518659412,0.33351711,0.513675962,0.313119985,0.472838278,0.268947621,0.402556392,0.334155868,0.37910374,0.202599657,0.378647236,0.260783231,0.049426723
0.518659412,0.33351711,0.513675962,0.313119985,0.472838278,0.268947621,0.402556392,0.334155868,0.37910374,0.202599657,0.378647236,0.260783231,0.391467264,0.049426723,0.179688569
0.513675962,0.313119985,0.472838278,0.268947621,0.402556392,0.334155868,0.37910374,0.202599657,0.378647236,0.260783231,0.391467264,0.049426723,0.442233797,0.179688569,0.390467475
0.472838278,0.268947621,0.402556392,0.334155868,0.37910374,0.202599657,0.378647236,0.260783231,0.391467264,0.049426723,0.442233797,0.179688569,0.435500436,0.390467475,0.420737342
0.402556392,0.334155868,0.37910374,0.202599657,0.378647236,0.260783231,0.391467264,0.049426723,0.442233797,0.179688569,0.435500436,0.390467475,0.38488606,0.420737342,0.375818755
0.37910374,0.202599657,0.378647236,0.260783231,0.391467264,0.049426723,0.442233797,0.179688569,0.435500436,0.390467475,0.38488606,0.420737342,0.351637693,0.375818755,0.360443665
0.378647236,0.260783231,0.391467264,0.049426723,0.442233797,0.179688569,0.435500436,0.390467475,0.38488606,0.420737342,0.351637693,0.375818755,0.394871984,0.360443665,0.264356777
0.391467264,0.049426723,0.442233797,0.179688569,0.435500436,0.390467475,0.38488606,0.420737342,0.351637693,0.375818755,0.394871984,0.360443665,0.476566362,0.264356777,0.291227192
0.442233797,0.179688569,0.435500436,0.390467475,0.38488606,0.420737342,0.351637693,0.375818755,0.394871984,0.360443665,0.476566362,0.264356777,0.403811763,0.291227192,0.162894035
0.435500436,0.390467475,0.38488606,0.420737342,0.351637693,0.375818755,0.394871984,0.360443665,0.476566362,0.264356777,0.403811763,0.291227192,0.41608019,0.162894035,0.208144238
0.38488606,0.420737342,0.351637693,0.375818755,0.394871984,0.360443665,0.476566362,0.264356777,0.403811763,0.291227192,0.41608019,0.162894035,0.375622927,0.208144238,0.126196132
0.351637693,0.375818755,0.394871984,0.360443665,0.476566362,0.264356777,0.403811763,0.291227192,0.41608019,0.162894035,0.375622927,0.208144238,0.319188189,0.126196132,0.249675465
0.394871984,0.360443665,0.476566362,0.264356777,0.403811763,0.291227192,0.41608019,0.162894035,0.375622927,0.208144238,0.319188189,0.126196132,0.413341194,0.249675465,0.09614294
0.476566362,0.264356777,0.403811763,0.291227192,0.41608019,0.162894035,0.375622927,0.208144238,0.319188189,0.126196132,0.413341194,0.249675465,0.473542053,0.09614294,0.267972125
0.403811763,0.291227192,0.41608019,0.162894035,0.375622927,0.208144238,0.319188189,0.126196132,0.413341194,0.249675465,0.473542053,0.09614294,0.485163764,0.267972125,0.292599779
0.41608019,0.162894035,0.375622927,0.208144238,0.319188189,0.126196132,0.413341194,0.249675465,0.473542053,0.09614294,0.485163764,0.267972125,0.484764332,0.292599779,0.111907733
0.375622927,0.208144238,0.319188189,0.126196132,0.413341194,0.249675465,0.473542053,0.09614294,0.485163764,0.267972125,0.484764332,0.292599779,0.446893904,0.111907733,0.128695688
0.319188189,0.126196132,0.413341194,0.249675465,0.473542053,0.09614294,0.485163764,0.267972125,0.484764332,0.292599779,0.446893904,0.111907733,0.413436297,0.128695688,0.142448761
0.413341194,0.249675465,0.473542053,0.09614294,0.485163764,0.267972125,0.484764332,0.292599779,0.446893904,0.111907733,0.413436297,0.128695688,0.432571235,0.142448761,0.090993642
0.473542053,0.09614294,0.485163764,0.267972125,0.484764332,0.292599779,0.446893904,0.111907733,0.413436297,0.128695688,0.432571235,0.142448761,0.505953511,0.090993642,0.114961591
0.485163764,0.267972125,0.484764332,0.292599779,0.446893904,0.111907733,0.413436297,0.128695688,0.432571235,0.142448761,0.505953511,0.090993642,0.474436031,0.114961591,0.18644818
0.484764332,0.292599779,0.446893904,0.111907733,0.413436297,0.128695688,0.432571235,0.142448761,0.505953511,0.090993642,0.474436031,0.114961591,0.520827787,0.18644818,0.301647375
0.446893904,0.111907733,0.413436297,0.128695688,0.432571235,0.142448761,0.505953511,0.090993642,0.474436031,0.114961591,0.520827787,0.18644818,0.524080341,0.301647375,0.360351733
0.413436297,0.128695688,0.432571235,0.142448761,0.505953511,0.090993642,0.474436031,0.114961591,0.520827787,0.18644818,0.524080341,0.301647375,0.440598014,0.360351733,0.133441684
0.432571235,0.142448761,0.505953511,0.090993642,0.474436031,0.114961591,0.520827787,0.18644818,0.524080341,0.301647375,0.440598014,0.360351733,0.475653367,0.133441684,0.353631102
0.505953511,0.090993642,0.474436031,0.114961591,0.520827787,0.18644818,0.524080341,0.301647375,0.440598014,0.360351733,0.475653367,0.133441684,0.609845182,0.353631102,0.350861807
0.474436031,0.114961591,0.520827787,0.18644818,0.524080341,0.301647375,0.440598014,0.360351733,0.475653367,0.133441684,0.609845182,0.353631102,0.775972912,0.350861807,0.644526398
0.520827787,0.18644818,0.524080341,0.301647375,0.440598014,0.360351733,0.475653367,0.133441684,0.609845182,0.353631102,0.775972912,0.350861807,0.616806786,0.644526398,0.230685513
0.524080341,0.301647375,0.440598014,0.360351733,0.475653367,0.133441684,0.609845182,0.353631102,0.775972912,0.350861807,0.616806786,0.644526398,0.490356448,0.230685513,0.113841704
0.440598014,0.360351733,0.475653367,0.133441684,0.609845182,0.353631102,0.775972912,0.350861807,0.616806786,0.644526398,0.490356448,0.230685513,0.466219041,0.113841704,0.2405426
0.475653367,0.133441684,0.609845182,0.353631102,0.775972912,0.350861807,0.616806786,0.644526398,0.490356448,0.230685513,0.466219041,0.113841704,0.541313201,0.2405426,0.713553142
0.609845182,0.353631102,0.775972912,0.350861807,0.616806786,0.644526398,0.490356448,0.230685513,0.466219041,0.113841704,0.541313201,0.2405426,0.475862595,0.713553142,0.360304051
0.775972912,0.350861807,0.616806786,0.644526398,0.490356448,0.230685513,0.466219041,0.113841704,0.541313201,0.2405426,0.475862595,0.713553142,0.420283785,0.360304051,0.436273805
0.616806786,0.644526398,0.490356448,0.230685513,0.466219041,0.113841704,0.541313201,0.2405426,0.475862595,0.713553142,0.420283785,0.360304051,0.468939018,0.436273805,0.547321094
0.490356448,0.230685513,0.466219041,0.113841704,0.541313201,0.2405426,0.475862595,0.713553142,0.420283785,0.360304051,0.468939018,0.436273805,0.549263894,0.547321094,0.439767057
0.466219041,0.113841704,0.541313201,0.2405426,0.475862595,0.713553142,0.420283785,0.360304051,0.468939018,0.436273805,0.549263894,0.547321094,0.572811656,0.439767057,0.249503505
0.541313201,0.2405426,0.475862595,0.713553142,0.420283785,0.360304051,0.468939018,0.436273805,0.549263894,0.547321094,0.572811656,0.439767057,0.598546806,0.249503505,0.475459753
0.475862595,0.713553142,0.420283785,0.360304051,0.468939018,0.436273805,0.549263894,0.547321094,0.572811656,0.439767057,0.598546806,0.249503505,0.593354133,0.475459753,0.170319179
0.420283785,0.360304051,0.468939018,0.436273805,0.549263894,0.547321094,0.572811656,0.439767057,0.598546806,0.249503505,0.593354133,0.475459753,0.221269061,0.170319179,0.125423017
0.468939018,0.436273805,0.549263894,0.547321094,0.572811656,0.439767057,0.598546806,0.249503505,0.593354133,0.475459753,0.221269061,0.170319179,0.241982727,0.125423017,0.078649204
0.549263894,0.547321094,0.572811656,0.439767057,0.598546806,0.249503505,0.593354133,0.475459753,0.221269061,0.170319179,0.241982727,0.125423017,0.316030737,0.078649204,0.036859043
0.572811656,0.439767057,0.598546806,0.249503505,0.593354133,0.475459753,0.221269061,0.170319179,0.241982727,0.125423017,0.316030737,0.078649204,0.356526038,0.036859043,0.089500444
0.598546806,0.249503505,0.593354133,0.475459753,0.221269061,0.170319179,0.241982727,0.125423017,0.316030737,0.078649204,0.356526038,0.036859043,0.383649709,0.089500444,0.341377724
0.593354133,0.475459753,0.221269061,0.170319179,0.241982727,0.125423017,0.316030737,0.078649204,0.356526038,0.036859043,0.383649709,0.089500444,0.399722293,0.341377724,0.24701239
0.221269061,0.170319179,0.241982727,0.125423017,0.316030737,0.078649204,0.356526038,0.036859043,0.383649709,0.089500444,0.399722293,0.341377724,0.444592383,0.24701239,0.321691786
0.241982727,0.125423017,0.316030737,0.078649204,0.356526038,0.036859043,0.383649709,0.089500444,0.399722293,0.341377724,0.444592383,0.24701239,0.482044356,0.321691786,0.494109318
0.316030737,0.078649204,0.356526038,0.036859043,0.383649709,0.089500444,0.399722293,0.341377724,0.444592383,0.24701239,0.482044356,0.321691786,0.516452994,0.494109318,0.53072033
0.356526038,0.036859043,0.383649709,0.089500444,0.399722293,0.341377724,0.444592383,0.24701239,0.482044356,0.321691786,0.516452994,0.494109318,0.486723468,0.53072033,0.361604412
0.383649709,0.089500444,0.399722293,0.341377724,0.444592383,0.24701239,0.482044356,0.321691786,0.516452994,0.494109318,0.486723468,0.53072033,0.459105258,0.361604412,0.215233979
0.399722293,0.341377724,0.444592383,0.24701239,0.482044356,0.321691786,0.516452994,0.494109318,0.486723468,0.53072033,0.459105258,0.361604412,0.440674095,0.215233979,0.023746486
0.444592383,0.24701239,0.482044356,0.321691786,0.516452994,0.494109318,0.486723468,0.53072033,0.459105258,0.361604412,0.440674095,0.215233979,0.372199185,0.023746486,0.069549694
0.482044356,0.321691786,0.516452994,0.494109318,0.486723468,0.53072033,0.459105258,0.361604412,0.440674095,0.215233979,0.372199185,0.023746486,0.389774408,0.069549694,0.237237096
0.516452994,0.494109318,0.486723468,0.53072033,0.459105258,0.361604412,0.440674095,0.215233979,0.372199185,0.023746486,0.389774408,0.069549694,0.443546242,0.237237096,0.38198296
0.486723468,0.53072033,0.459105258,0.361604412,0.440674095,0.215233979,0.372199185,0.023746486,0.389774408,0.069549694,0.443546242,0.237237096,0.481150379,0.38198296,0.177970798
0.459105258,0.361604412,0.440674095,0.215233979,0.372199185,0.023746486,0.389774408,0.069549694,0.443546242,0.237237096,0.481150379,0.38198296,0.468805874,0.177970798,0.180700642
0.440674095,0.215233979,0.372199185,0.023746486,0.389774408,0.069549694,0.443546242,0.237237096,0.481150379,0.38198296,0.468805874,0.177970798,0.514646023,0.180700642,0.077682072
0.372199185,0.023746486,0.389774408,0.069549694,0.443546242,0.237237096,0.481150379,0.38198296,0.468805874,0.177970798,0.514646023,0.180700642,0.547894392,0.077682072,0.527770966
0.389774408,0.069549694,0.443546242,0.237237096,0.481150379,0.38198296,0.468805874,0.177970798,0.514646023,0.180700642,0.547894392,0.077682072,0.554057133,0.527770966,0.135357799
0.443546242,0.237237096,0.481150379,0.38198296,0.468805874,0.177970798,0.514646023,0.180700642,0.547894392,0.077682072,0.554057133,0.527770966,0.541332209,0.135357799,0.11219136
0.481150379,0.38198296,0.468805874,0.177970798,0.514646023,0.180700642,0.547894392,0.077682072,0.554057133,0.527770966,0.541332209,0.135357799,0.498668543,0.11219136,0.543741445
0.468805874,0.177970798,0.514646023,0.180700642,0.547894392,0.077682072,0.554057133,0.527770966,0.541332209,0.135357799,0.498668543,0.11219136,0.551089894,0.543741445,0.541510503
0.514646023,0.180700642,0.547894392,0.077682072,0.554057133,0.527770966,0.541332209,0.135357799,0.498668543,0.11219136,0.551089894,0.543741445,0.531707692,0.541510503,0.272908768
0.547894392,0.077682072,0.554057133,0.527770966,0.541332209,0.135357799,0.498668543,0.11219136,0.551089894,0.543741445,0.531707692,0.541510503,0.513257507,0.272908768,0.292762543
0.554057133,0.527770966,0.541332209,0.135357799,0.498668543,0.11219136,0.551089894,0.543741445,0.531707692,0.541510503,0.513257507,0.272908768,0.544736944,0.292762543,0.091574057
0.541332209,0.135357799,0.498668543,0.11219136,0.551089894,0.543741445,0.531707692,0.541510503,0.513257507,0.272908768,0.544736944,0.292762543,0.480655833,0.091574057,0.300252302
0.498668543,0.11219136,0.551089894,0.543741445,0.531707692,0.541510503,0.513257507,0.272908768,0.544736944,0.292762543,0.480655833,0.091574057,0.40611328,0.300252302,0.508640065
0.551089894,0.543741445,0.531707692,0.541510503,0.513257507,0.272908768,0.544736944,0.292762543,0.480655833,0.091574057,0.40611328,0.300252302,0.391562362,0.508640065,0.186264166
0.531707692,0.541510503,0.513257507,0.272908768,0.544736944,0.292762543,0.480655833,0.091574057,0.40611328,0.300252302,0.391562362,0.508640065,0.443641338,0.186264166,0.228200314
0.513257507,0.272908768,0.544736944,0.292762543,0.480655833,0.091574057,0.40611328,0.300252302,0.391562362,0.508640065,0.443641338,0.186264166,0.406626844,0.228200314,0.078327486
0.544736944,0.292762543,0.480655833,0.091574057,0.40611328,0.300252302,0.391562362,0.508640065,0.443641338,0.186264166,0.406626844,0.228200314,0.395708902,0.078327486,0.210943744
0.480655833,0.091574057,0.40611328,0.300252302,0.391562362,0.508640065,0.443641338,0.186264166,0.406626844,0.228200314,0.395708902,0.078327486,0.365446792,0.210943744,0.226958995
0.40611328,0.300252302,0.391562362,0.508640065,0.443641338,0.186264166,0.406626844,0.228200314,0.395708902,0.078327486,0.365446792,0.210943744,0.316867652,0.226958995,0.166163558
0.391562362,0.508640065,0.443641338,0.186264166,0.406626844,0.228200314,0.395708902,0.078327486,0.365446792,0.210943744,0.316867652,0.226958995,0.328261119,0.166163558,0.437529957
0.443641338,0.186264166,0.406626844,0.228200314,0.395708902,0.078327486,0.365446792,0.210943744,0.316867652,0.226958995,0.328261119,0.166163558,0.391619435,0.437529957,0.728697458
0.406626844,0.228200314,0.395708902,0.078327486,0.365446792,0.210943744,0.316867652,0.226958995,0.328261119,0.166163558,0.391619435,0.437529957,0.300015209,0.728697458,0.474222488
0.395708902,0.078327486,0.365446792,0.210943744,0.316867652,0.226958995,0.328261119,0.166163558,0.391619435,0.437529957,0.300015209,0.728697458,0.143740249,0.474222488,0.170400017
0.365446792,0.210943744,0.316867652,0.226958995,0.328261119,0.166163558,0.391619435,0.437529957,0.300015209,0.728697458,0.143740249,0.474222488,0.152546883,0.170400017,0.18293726
0.316867652,0.226958995,0.328261119,0.166163558,0.391619435,0.437529957,0.300015209,0.728697458,0.143740249,0.474222488,0.152546883,0.170400017,0.287879936,0.18293726,0.148553741
0.328261119,0.166163558,0.391619435,0.437529957,0.300015209,0.728697458,0.143740249,0.474222488,0.152546883,0.170400017,0.287879936,0.18293726,0.325655268,0.148553741,0.262494422
0.391619435,0.437529957,0.300015209,0.728697458,0.143740249,0.474222488,0.152546883,0.170400017,0.287879936,0.18293726,0.325655268,0.148553741,0.370106892,0.262494422,0.099419801
0.300015209,0.728697458,0.143740249,0.474222488,0.152546883,0.170400017,0.287879936,0.18293726,0.325655268,0.148553741,0.370106892,0.262494422,0.444725529,0.099419801,0.245850276
0.143740249,0.474222488,0.152546883,0.170400017,0.287879936,0.18293726,0.325655268,0.148553741,0.370106892,0.262494422,0.444725529,0.099419801,0.444801611,0.245850276,0.414661497
0.152546883,0.170400017,0.287879936,0.18293726,0.325655268,0.148553741,0.370106892,0.262494422,0.444725529,0.099419801,0.444801611,0.245850276,0.494369834,0.414661497,0.343116963
0.287879936,0.18293726,0.325655268,0.148553741,0.370106892,0.262494422,0.444725529,0.099419801,0.444801611,0.245850276,0.494369834,0.414661497,0.559687298,0.343116963,0.336288872
0.325655268,0.148553741,0.370106892,0.262494422,0.444725529,0.099419801,0.444801611,0.245850276,0.494369834,0.414661497,0.559687298,0.343116963,0.537623156,0.336288872,0.327561156
0.370106892,0.262494422,0.444725529,0.099419801,0.444801611,0.245850276,0.494369834,0.414661497,0.559687298,0.343116963,0.537623156,0.336288872,0.504698139,0.327561156,0.479905998
0.444725529,0.099419801,0.444801611,0.245850276,0.494369834,0.414661497,0.559687298,0.343116963,0.537623156,0.336288872,0.504698139,0.327561156,0.53108,0.479905998,0.417596816
0.444801611,0.245850276,0.494369834,0.414661497,0.559687298,0.343116963,0.537623156,0.336288872,0.504698139,0.327561156,0.53108,0.479905998,0.497964777,0.417596816,0.17955098
0.494369834,0.414661497,0.559687298,0.343116963,0.537623156,0.336288872,0.504698139,0.327561156,0.53108,0.479905998,0.497964777,0.417596816,0.463137674,0.17955098,0.124157173
0.559687298,0.343116963,0.537623156,0.336288872,0.504698139,0.327561156,0.53108,0.479905998,0.497964777,0.417596816,0.463137674,0.17955098,0.426636738,0.124157173,0.194437515
0.537623156,0.336288872,0.504698139,0.327561156,0.53108,0.479905998,0.497964777,0.417596816,0.463137674,0.17955098,0.426636738,0.124157173,0.435766723,0.194437515,0.591443144
0.504698139,0.327561156,0.53108,0.479905998,0.497964777,0.417596816,0.463137674,0.17955098,0.426636738,0.124157173,0.435766723,0.194437515,0.439780117,0.591443144,0.297732533
0.53108,0.479905998,0.497964777,0.417596816,0.463137674,0.17955098,0.426636738,0.124157173,0.435766723,0.194437515,0.439780117,0.591443144,0.405732868,0.297732533,0.172263167
0.497964777,0.417596816,0.463137674,0.17955098,0.426636738,0.124157173,0.435766723,0.194437515,0.439780117,0.591443144,0.405732868,0.297732533,0.376916338,0.172263167,0.111935331
0.463137674,0.17955098,0.426636738,0.124157173,0.435766723,0.194437515,0.439780117,0.591443144,0.405732868,0.297732533,0.376916338,0.172263167,0.403963932,0.111935331,0.447773175
0.426636738,0.124157173,0.435766723,0.194437515,0.439780117,0.591443144,0.405732868,0.297732533,0.376916338,0.172263167,0.403963932,0.111935331,0.401833608,0.447773175,0.543100731
0.435766723,0.194437515,0.439780117,0.591443144,0.405732868,0.297732533,0.376916338,0.172263167,0.403963932,0.111935331,0.401833608,0.447773175,0.407825155,0.543100731,0.150244718
0.439780117,0.591443144,0.405732868,0.297732533,0.376916338,0.172263167,0.403963932,0.111935331,0.401833608,0.447773175,0.407825155,0.543100731,0.411800511,0.150244718,0.194028859
0.405732868,0.297732533,0.376916338,0.172263167,0.403963932,0.111935331,0.401833608,0.447773175,0.407825155,0.543100731,0.411800511,0.150244718,0.422128809,0.194028859,0.193566585
0.376916338,0.172263167,0.403963932,0.111935331,0.401833608,0.447773175,0.407825155,0.543100731,0.411800511,0.150244718,0.422128809,0.194028859,0.481397644,0.193566585,0.312085893
0.403963932,0.111935331,0.401833608,0.447773175,0.407825155,0.543100731,0.411800511,0.150244718,0.422128809,0.194028859,0.481397644,0.193566585,0.47574847,0.312085893,0.588839511
0.401833608,0.447773175,0.407825155,0.543100731,0.411800511,0.150244718,0.422128809,0.194028859,0.481397644,0.193566585,0.47574847,0.312085893,0.35888461,0.588839511,0.17763252
0.407825155,0.543100731,0.411800511,0.150244718,0.422128809,0.194028859,0.481397644,0.193566585,0.47574847,0.312085893,0.35888461,0.588839511,0.180298242,0.17763252,0.308372143
0.411800511,0.150244718,0.422128809,0.194028859,0.481397644,0.193566585,0.47574847,0.312085893,0.35888461,0.588839511,0.180298242,0.17763252,0.127991018,0.308372143,0.135753774
0.422128809,0.194028859,0.481397644,0.193566585,0.47574847,0.312085893,0.35888461,0.588839511,0.180298242,0.17763252,0.127991018,0.308372143,0.190588499,0.135753774,0.163000578
0.481397644,0.193566585,0.47574847,0.312085893,0.35888461,0.588839511,0.180298242,0.17763252,0.127991018,0.308372143,0.190588499,0.135753774,0.218396919,0.163000578,0.24539859
0.47574847,0.312085893,0.35888461,0.588839511,0.180298242,0.17763252,0.127991018,0.308372143,0.190588499,0.135753774,0.218396919,0.163000578,0.259938367,0.24539859,0.132450512
0.35888461,0.588839511,0.180298242,0.17763252,0.127991018,0.308372143,0.190588499,0.135753774,0.218396919,0.163000578,0.259938367,0.24539859,0.341822948,0.132450512,0.202407768
0.180298242,0.17763252,0.127991018,0.308372143,0.190588499,0.135753774,0.218396919,0.163000578,0.259938367,0.24539859,0.341822948,0.132450512,0.3649903,0.202407768,0.200750103
0.127991018,0.308372143,0.190588499,0.135753774,0.218396919,0.163000578,0.259938367,0.24539859,0.341822948,0.132450512,0.3649903,0.202407768,0.474721346,0.200750103,0.112587347
0.190588499,0.135753774,0.218396919,0.163000578,0.259938367,0.24539859,0.341822948,0.132450512,0.3649903,0.202407768,0.474721346,0.200750103,0.428443715,0.112587347,0.215138517
0.218396919,0.163000578,0.259938367,0.24539859,0.341822948,0.132450512,0.3649903,0.202407768,0.474721346,0.200750103,0.428443715,0.112587347,0.39114391,0.215138517,0.401151989
0.259938367,0.24539859,0.341822948,0.132450512,0.3649903,0.202407768,0.474721346,0.200750103,0.428443715,0.112587347,0.39114391,0.215138517,0.355441849,0.401151989,0.450905795
0.341822948,0.132450512,0.3649903,0.202407768,0.474721346,0.200750103,0.428443715,0.112587347,0.39114391,0.215138517,0.355441849,0.401151989,0.311199446,0.450905795,0.401945571
0.3649903,0.202407768,0.474721346,0.200750103,0.428443715,0.112587347,0.39114391,0.215138517,0.355441849,0.401151989,0.311199446,0.450905795,0.308878908,0.401945571,0.236888034
0.474721346,0.200750103,0.428443715,0.112587347,0.39114391,0.215138517,0.355441849,0.401151989,0.311199446,0.450905795,0.308878908,0.401945571,0.30866968,0.236888034,0.176975511
0.428443715,0.112587347,0.39114391,0.215138517,0.355441849,0.401151989,0.311199446,0.450905795,0.308878908,0.401945571,0.30866968,0.236888034,0.293262825,0.176975511,0.335317617
0.39114391,0.215138517,0.355441849,0.401151989,0.311199446,0.450905795,0.308878908,0.401945571,0.30866968,0.236888034,0.293262825,0.176975511,0.288469578,0.335317617,0.138421858
0.355441849,0.401151989,0.311199446,0.450905795,0.308878908,0.401945571,0.30866968,0.236888034,0.293262825,0.176975511,0.288469578,0.335317617,0.283391025,0.138421858,0.269117868
0.311199446,0.450905795,0.308878908,0.401945571,0.30866968,0.236888034,0.293262825,0.176975511,0.288469578,0.335317617,0.283391025,0.138421858,0.203846001,0.269117868,0.357264159
0.308878908,0.401945571,0.30866968,0.236888034,0.293262825,0.176975511,0.288469578,0.335317617,0.283391025,0.138421858,0.203846001,0.269117868,0.299901085,0.357264159,0.415604379
0.30866968,0.236888034,0.293262825,0.176975511,0.288469578,0.335317617,0.283391025,0.138421858,0.203846001,0.269117868,0.299901085,0.357264159,0.365617982,0.415604379,0.039667144
0.293262825,0.176975511,0.288469578,0.335317617,0.283391025,0.138421858,0.203846001,0.269117868,0.299901085,0.357264159,0.365617982,0.415604379,0.493133482,0.039667144,0.311893802
0.288469578,0.335317617,0.283391025,0.138421858,0.203846001,0.269117868,0.299901085,0.357264159,0.365617982,0.415604379,0.493133482,0.039667144,0.537261764,0.311893802,0.391525577
0.283391025,0.138421858,0.203846001,0.269117868,0.299901085,0.357264159,0.365617982,0.415604379,0.493133482,0.039667144,0.537261764,0.311893802,0.576977214,0.391525577,0.359744303
0.203846001,0.269117868,0.299901085,0.357264159,0.365617982,0.415604379,0.493133482,0.039667144,0.537261764,0.311893802,0.576977214,0.391525577,0.60326397,0.359744303,0.19364399
0.299901085,0.357264159,0.365617982,0.415604379,0.493133482,0.039667144,0.537261764,0.311893802,0.576977214,0.391525577,0.60326397,0.359744303,0.459257426,0.19364399,0.21075607
0.365617982,0.415604379,0.493133482,0.039667144,0.537261764,0.311893802,0.576977214,0.391525577,0.60326397,0.359744303,0.459257426,0.19364399,0.423384183,0.21075607,0.36278272
0.493133482,0.039667144,0.537261764,0.311893802,0.576977214,0.391525577,0.60326397,0.359744303,0.459257426,0.19364399,0.423384183,0.21075607,0.42616122,0.36278272,0.485843969
0.537261764,0.311893802,0.576977214,0.391525577,0.60326397,0.359744303,0.459257426,0.19364399,0.423384183,0.21075607,0.42616122,0.36278272,0.407958306,0.485843969,0.300058379
0.576977214,0.391525577,0.60326397,0.359744303,0.459257426,0.19364399,0.423384183,0.21075607,0.42616122,0.36278272,0.407958306,0.485843969,0.396317564,0.300058379,0.298991144
0.60326397,0.359744303,0.459257426,0.19364399,0.423384183,0.21075607,0.42616122,0.36278272,0.407958306,0.485843969,0.396317564,0.300058379,0.498173999,0.298991144,0.210695272
0.459257426,0.19364399,0.423384183,0.21075607,0.42616122,0.36278272,0.407958306,0.485843969,0.396317564,0.300058379,0.498173999,0.298991144,0.622246741,0.210695272,0.141811989
0.423384183,0.21075607,0.42616122,0.36278272,0.407958306,0.485843969,0.396317564,0.300058379,0.498173999,0.298991144,0.622246741,0.210695272,0.598717997,0.141811989,0.092304301
0.42616122,0.36278272,0.407958306,0.485843969,0.396317564,0.300058379,0.498173999,0.298991144,0.622246741,0.210695272,0.598717997,0.141811989,0.61363031,0.092304301,0.345854362
0.407958306,0.485843969,0.396317564,0.300058379,0.498173999,0.298991144,0.622246741,0.210695272,0.598717997,0.141811989,0.61363031,0.092304301,0.62464336,0.345854362,0.189527756
0.396317564,0.300058379,0.498173999,0.298991144,0.622246741,0.210695272,0.598717997,0.141811989,0.61363031,0.092304301,0.62464336,0.345854362,0.703408529,0.189527756,0.136294189
0.498173999,0.298991144,0.622246741,0.210695272,0.598717997,0.141811989,0.61363031,0.092304301,0.62464336,0.345854362,0.703408529,0.189527756,0.616045952,0.136294189,0.216908114
0.622246741,0.210695272,0.598717997,0.141811989,0.61363031,0.092304301,0.62464336,0.345854362,0.703408529,0.189527756,0.616045952,0.136294189,0.567733094,0.216908114,0.412126181
0.598717997,0.141811989,0.61363031,0.092304301,0.62464336,0.345854362,0.703408529,0.189527756,0.616045952,0.136294189,0.567733094,0.216908114,0.474036597,0.412126181,0.213785422
0.61363031,0.092304301,0.62464336,0.345854362,0.703408529,0.189527756,0.616045952,0.136294189,0.567733094,0.216908114,0.474036597,0.412126181,0.446551532,0.213785422,0.213621864
0.62464336,0.345854362,0.703408529,0.189527756,0.616045952,0.136294189,0.567733094,0.216908114,0.474036597,0.412126181,0.446551532,0.213785422,0.436014001,0.213621864,0.236193941
0.703408529,0.189527756,0.616045952,0.136294189,0.567733094,0.216908114,0.474036597,0.412126181,0.446551532,0.213785422,0.436014001,0.213621864,0.468292315,0.236193941,0.192732372
0.616045952,0.136294189,0.567733094,0.216908114,0.474036597,0.412126181,0.446551532,0.213785422,0.436014001,0.213621864,0.468292315,0.236193941,0.554323425,0.192732372,0.243537875
0.567733094,0.216908114,0.474036597,0.412126181,0.446551532,0.213785422,0.436014001,0.213621864,0.468292315,0.236193941,0.554323425,0.192732372,0.604215012,0.243537875,0.154742849
0.474036597,0.412126181,0.446551532,0.213785422,0.436014001,0.213621864,0.468292315,0.236193941,0.554323425,0.192732372,0.604215012,0.243537875,0.720299008,0.154742849,0.061425448
0.446551532,0.213785422,0.436014001,0.213621864,0.468292315,0.236193941,0.554323425,0.192732372,0.604215012,0.243537875,0.720299008,0.154742849,0.696294753,0.061425448,0.056638643
0.436014001,0.213621864,0.468292315,0.236193941,0.554323425,0.192732372,0.604215012,0.243537875,0.720299008,0.154742849,0.696294753,0.061425448,0.643911445,0.056638643,0.090693709
0.468292315,0.236193941,0.554323425,0.192732372,0.604215012,0.243537875,0.720299008,0.154742849,0.696294753,0.061425448,0.643911445,0.056638643,0.623007571,0.090693709,0.202921255
0.554323425,0.192732372,0.604215012,0.243537875,0.720299008,0.154742849,0.696294753,0.061425448,0.643911445,0.056638643,0.623007571,0.090693709,0.595598586,0.202921255,0.245541695
0.604215012,0.243537875,0.720299008,0.154742849,0.696294753,0.061425448,0.643911445,0.056638643,0.623007571,0.090693709,0.595598586,0.202921255,0.50163579,0.245541695,0.544865171
0.720299008,0.154742849,0.696294753,0.061425448,0.643911445,0.056638643,0.623007571,0.090693709,0.595598586,0.202921255,0.50163579,0.245541695,0.45682276,0.544865171,0.422069866
0.696294753,0.061425448,0.643911445,0.056638643,0.623007571,0.090693709,0.595598586,0.202921255,0.50163579,0.245541695,0.45682276,0.544865171,0.494807321,0.422069866,0.299955597
0.643911445,0.056638643,0.623007571,0.090693709,0.595598586,0.202921255,0.50163579,0.245541695,0.45682276,0.544865171,0.494807321,0.422069866,0.546524904,0.299955597,0.562604857
0.623007571,0.090693709,0.595598586,0.202921255,0.50163579,0.245541695,0.45682276,0.544865171,0.494807321,0.422069866,0.546524904,0.299955597,0.586240355,0.562604857,0.417605869
0.595598586,0.202921255,0.50163579,0.245541695,0.45682276,0.544865171,0.494807321,0.422069866,0.546524904,0.299955597,0.586240355,0.562604857,0.469832999,0.417605869,0.36430235
0.50163579,0.245541695,0.45682276,0.544865171,0.494807321,0.422069866,0.546524904,0.299955597,0.586240355,0.562604857,0.469832999,0.417605869,0.494997529,0.36430235,0.341602555
0.45682276,0.544865171,0.494807321,0.422069866,0.546524904,0.299955597,0.586240355,0.562604857,0.469832999,0.417605869,0.494997529,0.36430235,0.441111574,0.341602555,0.564288421
0.494807321,0.422069866,0.546524904,0.299955597,0.586240355,0.562604857,0.469832999,0.417605869,0.494997529,0.36430235,0.441111574,0.341602555,0.434226038,0.564288421,0.52326092
0.546524904,0.299955597,0.586240355,0.562604857,0.469832999,0.417605869,0.494997529,0.36430235,0.441111574,0.341602555,0.434226038,0.564288421,0.422718448,0.52326092,0.182920062
0.586240355,0.562604857,0.469832999,0.417605869,0.494997529,0.36430235,0.441111574,0.341602555,0.434226038,0.564288421,0.422718448,0.52326092,0.415680753,0.182920062,0.024626215
0.469832999,0.417605869,0.494997529,0.36430235,0.441111574,0.341602555,0.434226038,0.564288421,0.422718448,0.52326092,0.415680753,0.182920062,0.480180319,0.024626215,0.065896666
0.494997529,0.36430235,0.441111574,0.341602555,0.434226038,0.564288421,0.422718448,0.52326092,0.415680753,0.182920062,0.480180319,0.024626215,0.566877163,0.065896666,0.327349596
0.441111574,0.341602555,0.434226038,0.564288421,0.422718448,0.52326092,0.415680753,0.182920062,0.480180319,0.024626215,0.566877163,0.065896666,0.612850463,0.327349596,0.372732211
0.434226038,0.564288421,0.422718448,0.52326092,0.415680753,0.182920062,0.480180319,0.024626215,0.566877163,0.065896666,0.612850463,0.327349596,0.638281283,0.372732211,0.232853789
0.422718448,0.52326092,0.415680753,0.182920062,0.480180319,0.024626215,0.566877163,0.065896666,0.612850463,0.327349596,0.638281283,0.372732211,0.441568072,0.232853789,0.437110475
0.415680753,0.182920062,0.480180319,0.024626215,0.566877163,0.065896666,0.612850463,0.327349596,0.638281283,0.372732211,0.441568072,0.232853789,0.420435954,0.437110475,0.279209143
0.480180319,0.024626215,0.566877163,0.065896666,0.612850463,0.327349596,0.638281283,0.372732211,0.441568072,0.232853789,0.420435954,0.437110475,0.451002392,0.279209143,0.215002413
0.566877163,0.065896666,0.612850463,0.327349596,0.638281283,0.372732211,0.441568072,0.232853789,0.420435954,0.437110475,0.451002392,0.279209143,0.537052529,0.215002413,0.210142559
0.612850463,0.327349596,0.638281283,0.372732211,0.441568072,0.232853789,0.420435954,0.437110475,0.451002392,0.279209143,0.537052529,0.215002413,0.554475595,0.210142559,0.553216111
0.638281283,0.372732211,0.441568072,0.232853789,0.420435954,0.437110475,0.451002392,0.279209143,0.537052529,0.215002413,0.554475595,0.210142559,0.580001524,0.553216111,0.125263998
0.441568072,0.232853789,0.420435954,0.437110475,0.451002392,0.279209143,0.537052529,0.215002413,0.554475595,0.210142559,0.580001524,0.553216111,0.45419789,0.125263998,0.225397284
0.420435954,0.437110475,0.451002392,0.279209143,0.537052529,0.215002413,0.554475595,0.210142559,0.580001524,0.553216111,0.45419789,0.125263998,0.404401416,0.225397284,0.180393212
0.451002392,0.279209143,0.537052529,0.215002413,0.554475595,0.210142559,0.580001524,0.553216111,0.45419789,0.125263998,0.404401416,0.225397284,0.404116104,0.180393212,0.086249659
0.537052529,0.215002413,0.554475595,0.210142559,0.580001524,0.553216111,0.45419789,0.125263998,0.404401416,0.225397284,0.404116104,0.180393212,0.464887587,0.086249659,0.025579431
0.554475595,0.210142559,0.580001524,0.553216111,0.45419789,0.125263998,0.404401416,0.225397284,0.404116104,0.180393212,0.464887587,0.086249659,0.552402322,0.025579431,0.0774559
0.580001524,0.553216111,0.45419789,0.125263998,0.404401416,0.225397284,0.404116104,0.180393212,0.464887587,0.086249659,0.552402322,0.025579431,0.595617604,0.0774559,0.067945794
0.45419789,0.125263998,0.404401416,0.225397284,0.404116104,0.180393212,0.464887587,0.086249659,0.552402322,0.025579431,0.595617604,0.0774559,0.64033553,0.067945794,0.417843268
0.404401416,0.225397284,0.404116104,0.180393212,0.464887587,0.086249659,0.552402322,0.025579431,0.595617604,0.0774559,0.64033553,0.067945794,0.534218433,0.417843268,0.446122366
0.404116104,0.180393212,0.464887587,0.086249659,0.552402322,0.025579431,0.595617604,0.0774559,0.64033553,0.067945794,0.534218433,0.417843268,0.408814238,0.446122366,0.290835844
0.464887587,0.086249659,0.552402322,0.025579431,0.595617604,0.0774559,0.64033553,0.067945794,0.534218433,0.417843268,0.408814238,0.446122366,0.378704299,0.290835844,0.036857538
0.552402322,0.025579431,0.595617604,0.0774559,0.64033553,0.067945794,0.534218433,0.417843268,0.408814238,0.446122366,0.378704299,0.290835844,0.454426138,0.036857538,0.297755004
0.595617604,0.0774559,0.64033553,0.067945794,0.534218433,0.417843268,0.408814238,0.446122366,0.378704299,0.290835844,0.454426138,0.036857538,0.460569858,0.297755004,0.18373408
0.64033553,0.067945794,0.534218433,0.417843268,0.408814238,0.446122366,0.378704299,0.290835844,0.454426138,0.036857538,0.460569858,0.297755004,0.493685092,0.18373408,0.313153791
0.534218433,0.417843268,0.408814238,0.446122366,0.378704299,0.290835844,0.454426138,0.036857538,0.460569858,0.297755004,0.493685092,0.18373408,0.481816101,0.313153791,0.127457382
0.408814238,0.446122366,0.378704299,0.290835844,0.454426138,0.036857538,0.460569858,0.297755004,0.493685092,0.18373408,0.481816101,0.313153791,0.510537528,0.127457382,0.170144508
0.378704299,0.290835844,0.454426138,0.036857538,0.460569858,0.297755004,0.493685092,0.18373408,0.481816101,0.313153791,0.510537528,0.127457382,0.470707952,0.170144508,0.309131095
0.454426138,0.036857538,0.460569858,0.297755004,0.493685092,0.18373408,0.481816101,0.313153791,0.510537528,0.127457382,0.470707952,0.170144508,0.532848934,0.309131095,0.386394448
0.460569858,0.297755004,0.493685092,0.18373408,0.481816101,0.313153791,0.510537528,0.127457382,0.470707952,0.170144508,0.532848934,0.309131095,0.575740868,0.386394448,0.109497285
0.493685092,0.18373408,0.481816101,0.313153791,0.510537528,0.127457382,0.470707952,0.170144508,0.532848934,0.309131095,0.575740868,0.386394448,0.631643016,0.109497285,0.187874257
0.481816101,0.313153791,0.510537528,0.127457382,0.470707952,0.170144508,0.532848934,0.309131095,0.575740868,0.386394448,0.631643016,0.109497285,0.65692168,0.187874257,0.21848938
0.510537528,0.127457382,0.470707952,0.170144508,0.532848934,0.309131095,0.575740868,0.386394448,0.631643016,0.109497285,0.65692168,0.187874257,0.681743839,0.21848938,0.480901025
0.470707952,0.170144508,0.532848934,0.309131095,0.575740868,0.386394448,0.631643016,0.109497285,0.65692168,0.187874257,0.681743839,0.21848938,0.585137142,0.480901025,0.141898431
0.532848934,0.309131095,0.575740868,0.386394448,0.631643016,0.109497285,0.65692168,0.187874257,0.681743839,0.21848938,0.585137142,0.480901025,0.602331954,0.141898431,0.434963092
0.575740868,0.386394448,0.631643016,0.109497285,0.65692168,0.187874257,0.681743839,0.21848938,0.585137142,0.480901025,0.602331954,0.141898431,0.603530263,0.434963092,0.414980518
0.631643016,0.109497285,0.65692168,0.187874257,0.681743839,0.21848938,0.585137142,0.480901025,0.602331954,0.141898431,0.603530263,0.434963092,0.687944615,0.414980518,0.606021247
0.65692168,0.187874257,0.681743839,0.21848938,0.585137142,0.480901025,0.602331954,0.141898431,0.603530263,0.434963092,0.687944615,0.414980518,0.570034621,0.606021247,0.631543531
0.681743839,0.21848938,0.585137142,0.480901025,0.602331954,0.141898431,0.603530263,0.434963092,0.687944615,0.414980518,0.570034621,0.606021247,0.481663936,0.631543531,0.295804727
0.585137142,0.480901025,0.602331954,0.141898431,0.603530263,0.434963092,0.687944615,0.414980518,0.570034621,0.606021247,0.481663936,0.631543531,0.452010502,0.295804727,0.310917999
0.602331954,0.141898431,0.603530263,0.434963092,0.687944615,0.414980518,0.570034621,0.606021247,0.481663936,0.631543531,0.452010502,0.295804727,0.397649026,0.310917999,0.387165487
0.603530263,0.434963092,0.687944615,0.414980518,0.570034621,0.606021247,0.481663936,0.631543531,0.452010502,0.295804727,0.397649026,0.310917999,0.419694142,0.387165487,0.350005202
0.687944615,0.414980518,0.570034621,0.606021247,0.481663936,0.631543531,0.452010502,0.295804727,0.397649026,0.310917999,0.419694142,0.387165487,0.405846995,0.350005202,0.192027949
0.570034621,0.606021247,0.481663936,0.631543531,0.452010502,0.295804727,0.397649026,0.310917999,0.419694142,0.387165487,0.405846995,0.350005202,0.418305624,0.192027949,0.408759682
0.481663936,0.631543531,0.452010502,0.295804727,0.397649026,0.310917999,0.419694142,0.387165487,0.405846995,0.350005202,0.418305624,0.192027949,0.422204891,0.408759682,0.209517853
0.452010502,0.295804727,0.397649026,0.310917999,0.419694142,0.387165487,0.405846995,0.350005202,0.418305624,0.192027949,0.422204891,0.408759682,0.433655413,0.209517853,0.043762773
0.397649026,0.310917999,0.419694142,0.387165487,0.405846995,0.350005202,0.418305624,0.192027949,0.422204891,0.408759682,0.433655413,0.209517853,0.457925966,0.043762773,0.202150342
0.419694142,0.387165487,0.405846995,0.350005202,0.418305624,0.192027949,0.422204891,0.408759682,0.433655413,0.209517853,0.457925966,0.043762773,0.218549085,0.202150342,0.117492048
0.405846995,0.350005202,0.418305624,0.192027949,0.422204891,0.408759682,0.433655413,0.209517853,0.457925966,0.043762773,0.218549085,0.202150342,0.263552325,0.117492048,0.104887528
0.418305624,0.192027949,0.422204891,0.408759682,0.433655413,0.209517853,0.457925966,0.043762773,0.218549085,0.202150342,0.263552325,0.117492048,0.33001103,0.104887528,0.100008928
0.422204891,0.408759682,0.433655413,0.209517853,0.457925966,0.043762773,0.218549085,0.202150342,0.263552325,0.117492048,0.33001103,0.104887528,0.343858172,0.100008928,0.174058649
0.433655413,0.209517853,0.457925966,0.043762773,0.218549085,0.202150342,0.263552325,0.117492048,0.33001103,0.104887528,0.343858172,0.100008928,0.380758542,0.174058649,0.095543897
0.457925966,0.043762773,0.218549085,0.202150342,0.263552325,0.117492048,0.33001103,0.104887528,0.343858172,0.100008928,0.380758542,0.174058649,0.416955147,0.095543897,0.102348895
0.218549085,0.202150342,0.263552325,0.117492048,0.33001103,0.104887528,0.343858172,0.100008928,0.380758542,0.174058649,0.416955147,0.095543897,0.412922733,0.102348895,0.329242087
0.263552325,0.117492048,0.33001103,0.104887528,0.343858172,0.100008928,0.380758542,0.174058649,0.416955147,0.095543897,0.412922733,0.102348895,0.424734652,0.329242087,0.424378342
0.33001103,0.104887528,0.343858172,0.100008928,0.380758542,0.174058649,0.416955147,0.095543897,0.412922733,0.102348895,0.424734652,0.329242087,0.468520559,0.424378342,0.267092628
0.343858172,0.100008928,0.380758542,0.174058649,0.416955147,0.095543897,0.412922733,0.102348895,0.424734652,0.329242087,0.468520559,0.424378342,0.461007338,0.267092628,0.121516357
0.380758542,0.174058649,0.416955147,0.095543897,0.412922733,0.102348895,0.424734652,0.329242087,0.468520559,0.424378342,0.461007338,0.267092628,0.413474338,0.121516357,0.229097958
0.416955147,0.095543897,0.412922733,0.102348895,0.424734652,0.329242087,0.468520559,0.424378342,0.461007338,0.267092628,0.413474338,0.121516357,0.43637539,0.229097958,0.46254503
0.412922733,0.102348895,0.424734652,0.329242087,0.468520559,0.424378342,0.461007338,0.267092628,0.413474338,0.121516357,0.43637539,0.229097958,0.478126067,0.46254503,0.159046364
0.424734652,0.329242087,0.468520559,0.424378342,0.461007338,0.267092628,0.413474338,0.121516357,0.43637539,0.229097958,0.478126067,0.46254503,0.448567734,0.159046364,0.411928952
0.468520559,0.424378342,0.461007338,0.267092628,0.413474338,0.121516357,0.43637539,0.229097958,0.478126067,0.46254503,0.448567734,0.159046364,0.412104837,0.411928952,0.223087906
0.461007338,0.267092628,0.413474338,0.121516357,0.43637539,0.229097958,0.478126067,0.46254503,0.448567734,0.159046364,0.412104837,0.411928952,0.345836338,0.223087906,0.511467672
0.413474338,0.121516357,0.43637539,0.229097958,0.478126067,0.46254503,0.448567734,0.159046364,0.412104837,0.411928952,0.345836338,0.223087906,0.292159614,0.511467672,0.223059257
0.43637539,0.229097958,0.478126067,0.46254503,0.448567734,0.159046364,0.412104837,0.411928952,0.345836338,0.223087906,0.292159614,0.511467672,0.370487313,0.223059257,0.132977973
0.478126067,0.46254503,0.448567734,0.159046364,0.412104837,0.411928952,0.345836338,0.223087906,0.292159614,0.511467672,0.370487313,0.223059257,0.412047777,0.132977973,0.181461338
0.448567734,0.159046364,0.412104837,0.411928952,0.345836338,0.223087906,0.292159614,0.511467672,0.370487313,0.223059257,0.412047777,0.132977973,0.445904815,0.181461338,0.138972902
0.412104837,0.411928952,0.345836338,0.223087906,0.292159614,0.511467672,0.370487313,0.223059257,0.412047777,0.132977973,0.445904815,0.181461338,0.396964277,0.138972902,0.051775318
0.345836338,0.223087906,0.292159614,0.511467672,0.370487313,0.223059257,0.412047777,0.132977973,0.445904815,0.181461338,0.396964277,0.138972902,0.456023886,0.051775318,0.327125423
0.292159614,0.511467672,0.370487313,0.223059257,0.412047777,0.132977973,0.445904815,0.181461338,0.396964277,0.138972902,0.456023886,0.051775318,0.429623006,0.327125423,0.300721571
0.370487313,0.223059257,0.412047777,0.132977973,0.445904815,0.181461338,0.396964277,0.138972902,0.456023886,0.051775318,0.429623006,0.327125423,0.410526112,0.300721571,0.086788559
0.412047777,0.132977973,0.445904815,0.181461338,0.396964277,0.138972902,0.456023886,0.051775318,0.429623006,0.327125423,0.410526112,0.300721571,0.35880853,0.086788559,0.156617638
0.445904815,0.181461338,0.396964277,0.138972902,0.456023886,0.051775318,0.429623006,0.327125423,0.410526112,0.300721571,0.35880853,0.086788559,0.375052304,0.156617638,0.088139159
0.396964277,0.138972902,0.456023886,0.051775318,0.429623006,0.327125423,0.410526112,0.300721571,0.35880853,0.086788559,0.375052304,0.156617638,0.37244645,0.088139159,0.389911582
0.456023886,0.051775318,0.429623006,0.327125423,0.410526112,0.300721571,0.35880853,0.086788559,0.375052304,0.156617638,0.37244645,0.088139159,0.389013581,0.389911582,0.420031147
0.429623006,0.327125423,0.410526112,0.300721571,0.35880853,0.086788559,0.375052304,0.156617638,0.37244645,0.088139159,0.389013581,0.389911582,0.436128117,0.420031147,0.111018566
0.410526112,0.300721571,0.35880853,0.086788559,0.375052304,0.156617638,0.37244645,0.088139159,0.389013581,0.389911582,0.436128117,0.420031147,0.436451476,0.111018566,0.136656882
0.35880853,0.086788559,0.375052304,0.156617638,0.37244645,0.088139159,0.389013581,0.389911582,0.436128117,0.420031147,0.436451476,0.111018566,0.433997789,0.136656882,0.204445249
0.375052304,0.156617638,0.37244645,0.088139159,0.389013581,0.389911582,0.436128117,0.420031147,0.436451476,0.111018566,0.433997789,0.136656882,0.398371812,0.204445249,0.29920562
0.37244645,0.088139159,0.389013581,0.389911582,0.436128117,0.420031147,0.436451476,0.111018566,0.433997789,0.136656882,0.398371812,0.204445249,0.418400733,0.29920562,0.27749503
0.389013581,0.389911582,0.436128117,0.420031147,0.436451476,0.111018566,0.433997789,0.136656882,0.398371812,0.204445249,0.418400733,0.29920562,0.398409857,0.27749503,0.319344241
0.436128117,0.420031147,0.436451476,0.111018566,0.433997789,0.136656882,0.398371812,0.204445249,0.418400733,0.29920562,0.398409857,0.27749503,0.362365422,0.319344241,0.129126081
0.436451476,0.111018566,0.433997789,0.136656882,0.398371812,0.204445249,0.418400733,0.29920562,0.398409857,0.27749503,0.362365422,0.319344241,0.324228701,0.129126081,0.194390437
0.433997789,0.136656882,0.398371812,0.204445249,0.418400733,0.29920562,0.398409857,0.27749503,0.362365422,0.319344241,0.324228701,0.129126081,0.400939628,0.194390437,0.101868581
0.398371812,0.204445249,0.418400733,0.29920562,0.398409857,0.27749503,0.362365422,0.319344241,0.324228701,0.129126081,0.400939628,0.194390437,0.39017385,0.101868581,0.268222002
0.418400733,0.29920562,0.398409857,0.27749503,0.362365422,0.319344241,0.324228701,0.129126081,0.400939628,0.194390437,0.39017385,0.101868581,0.434834708,0.268222002,0.280931649
0.398409857,0.27749503,0.362365422,0.319344241,0.324228701,0.129126081,0.400939628,0.194390437,0.39017385,0.101868581,0.434834708,0.268222002,0.470175367,0.280931649,0.316407465
0.362365422,0.319344241,0.324228701,0.129126081,0.400939628,0.194390437,0.39017385,0.101868581,0.434834708,0.268222002,0.470175367,0.280931649,0.494921443,0.316407465,0.216494739
0.324228701,0.129126081,0.400939628,0.194390437,0.39017385,0.101868581,0.434834708,0.268222002,0.470175367,0.280931649,0.494921443,0.316407465,0.538992654,0.216494739,0.526513893
0.400939628,0.194390437,0.39017385,0.101868581,0.434834708,0.268222002,0.470175367,0.280931649,0.494921443,0.316407465,0.538992654,0.216494739,0.531003917,0.526513893,0.712565111
0.39017385,0.101868581,0.434834708,0.268222002,0.470175367,0.280931649,0.494921443,0.316407465,0.538992654,0.216494739,0.531003917,0.526513893,0.293662261,0.712565111,0.358870976
0.434834708,0.268222002,0.470175367,0.280931649,0.494921443,0.316407465,0.538992654,0.216494739,0.531003917,0.526513893,0.293662261,0.712565111,0.294708405,0.358870976,0.408251283
0.470175367,0.280931649,0.494921443,0.316407465,0.538992654,0.216494739,0.531003917,0.526513893,0.293662261,0.712565111,0.294708405,0.358870976,0.310001134,0.408251283,0.3783829
0.494921443,0.316407465,0.538992654,0.216494739,0.531003917,0.526513893,0.293662261,0.712565111,0.294708405,0.358870976,0.310001134,0.408251283,0.481169395,0.3783829,0.648537576
0.538992654,0.216494739,0.531003917,0.526513893,0.293662261,0.712565111,0.294708405,0.358870976,0.310001134,0.408251283,0.481169395,0.3783829,0.407768089,0.648537576,0.180362794
0.531003917,0.526513893,0.293662261,0.712565111,0.294708405,0.358870976,0.310001134,0.408251283,0.481169395,0.3783829,0.407768089,0.648537576,0.422813554,0.180362794,0.380983678
0.293662261,0.712565111,0.294708405,0.358870976,0.310001134,0.408251283,0.481169395,0.3783829,0.407768089,0.648537576,0.422813554,0.180362794,0.443203863,0.380983678,0.681495049
0.294708405,0.358870976,0.310001134,0.408251283,0.481169395,0.3783829,0.407768089,0.648537576,0.422813554,0.180362794,0.443203863,0.380983678,0.495339896,0.681495049,0.417550812
0.310001134,0.408251283,0.481169395,0.3783829,0.407768089,0.648537576,0.422813554,0.180362794,0.443203863,0.380983678,0.495339896,0.681495049,0.465876665,0.417550812,0.461243278
0.481169395,0.3783829,0.407768089,0.648537576,0.422813554,0.180362794,0.443203863,0.380983678,0.495339896,0.681495049,0.465876665,0.417550812,0.424011864,0.461243278,0.442816514
0.407768089,0.648537576,0.422813554,0.180362794,0.443203863,0.380983678,0.495339896,0.681495049,0.465876665,0.417550812,0.424011864,0.461243278,0.433978769,0.442816514,0.088636434
0.422813554,0.180362794,0.443203863,0.380983678,0.495339896,0.681495049,0.465876665,0.417550812,0.424011864,0.461243278,0.433978769,0.442816514,0.430764261,0.088636434,0.234361773
0.443203863,0.380983678,0.495339896,0.681495049,0.465876665,0.417550812,0.424011864,0.461243278,0.433978769,0.442816514,0.430764261,0.088636434,0.395366531,0.234361773,0.442103594
0.495339896,0.681495049,0.465876665,0.417550812,0.424011864,0.461243278,0.433978769,0.442816514,0.430764261,0.088636434,0.395366531,0.234361773,0.461901318,0.442103594,0.683555962
0.465876665,0.417550812,0.424011864,0.461243278,0.433978769,0.442816514,0.430764261,0.088636434,0.395366531,0.234361773,0.461901318,0.442103594,0.372503515,0.683555962,0.621925531
0.424011864,0.461243278,0.433978769,0.442816514,0.430764261,0.088636434,0.395366531,0.234361773,0.461901318,0.442103594,0.372503515,0.683555962,0.180716699,0.621925531,0.310853433
0.433978769,0.442816514,0.430764261,0.088636434,0.395366531,0.234361773,0.461901318,0.442103594,0.372503515,0.683555962,0.180716699,0.621925531,0.149807888,0.310853433,0.320616191
0.430764261,0.088636434,0.395366531,0.234361773,0.461901318,0.442103594,0.372503515,0.683555962,0.180716699,0.621925531,0.149807888,0.310853433,0.144063601,0.320616191,0.66144101
0.395366531,0.234361773,0.461901318,0.442103594,0.372503515,0.683555962,0.180716699,0.621925531,0.149807888,0.310853433,0.144063601,0.320616191,0.234469503,0.66144101,0.393050793
0.461901318,0.442103594,0.372503515,0.683555962,0.180716699,0.621925531,0.149807888,0.310853433,0.144063601,0.320616191,0.234469503,0.66144101,0.213147178,0.393050793,0.17098679
0.372503515,0.683555962,0.180716699,0.621925531,0.149807888,0.310853433,0.144063601,0.320616191,0.234469503,0.66144101,0.213147178,0.393050793,0.251930608,0.17098679,0.289653936
0.180716699,0.621925531,0.149807888,0.310853433,0.144063601,0.320616191,0.234469503,0.66144101,0.213147178,0.393050793,0.251930608,0.17098679,0.29387149,0.289653936,0.095173606
0.149807888,0.310853433,0.144063601,0.320616191,0.234469503,0.66144101,0.213147178,0.393050793,0.251930608,0.17098679,0.29387149,0.289653936,0.33292121,0.095173606,0.414032376
0.144063601,0.320616191,0.234469503,0.66144101,0.213147178,0.393050793,0.251930608,0.17098679,0.29387149,0.289653936,0.33292121,0.095173606,0.367215724,0.414032376,0.377030671
0.234469503,0.66144101,0.213147178,0.393050793,0.251930608,0.17098679,0.29387149,0.289653936,0.33292121,0.095173606,0.367215724,0.414032376,0.39498611,0.377030671,0.215081293
0.213147178,0.393050793,0.251930608,0.17098679,0.29387149,0.289653936,0.33292121,0.095173606,0.367215724,0.414032376,0.39498611,0.377030671,0.326758466,0.215081293,0.215628174
0.251930608,0.17098679,0.29387149,0.289653936,0.33292121,0.095173606,0.367215724,0.414032376,0.39498611,0.377030671,0.326758466,0.215081293,0.223095062,0.215628174,0.189937747
0.29387149,0.289653936,0.33292121,0.095173606,0.367215724,0.414032376,0.39498611,0.377030671,0.326758466,0.215081293,0.223095062,0.215628174,0.183874153,0.189937747,0.053341596
0.33292121,0.095173606,0.367215724,0.414032376,0.39498611,0.377030671,0.326758466,0.215081293,0.223095062,0.215628174,0.183874153,0.189937747,0.216475823,0.053341596,0.144670004
0.367215724,0.414032376,0.39498611,0.377030671,0.326758466,0.215081293,0.223095062,0.215628174,0.183874153,0.189937747,0.216475823,0.053341596,0.257979225,0.144670004,0.103019906
0.39498611,0.377030671,0.326758466,0.215081293,0.223095062,0.215628174,0.183874153,0.189937747,0.216475823,0.053341596,0.257979225,0.144670004,0.305740479,0.103019906,0.404630433
0.326758466,0.215081293,0.223095062,0.215628174,0.183874153,0.189937747,0.216475823,0.053341596,0.257979225,0.144670004,0.305740479,0.103019906,0.317533375,0.404630433,0.373281347
0.223095062,0.215628174,0.183874153,0.189937747,0.216475823,0.053341596,0.257979225,0.144670004,0.305740479,0.103019906,0.317533375,0.404630433,0.277779886,0.373281347,0.055390732
0.183874153,0.189937747,0.216475823,0.053341596,0.257979225,0.144670004,0.305740479,0.103019906,0.317533375,0.404630433,0.277779886,0.373281347,0.332426672,0.055390732,0.471463681
0.216475823,0.053341596,0.257979225,0.144670004,0.305740479,0.103019906,0.317533375,0.404630433,0.277779886,0.373281347,0.332426672,0.055390732,0.447806903,0.471463681,0.352066649
0.257979225,0.144670004,0.305740479,0.103019906,0.317533375,0.404630433,0.277779886,0.373281347,0.332426672,0.055390732,0.447806903,0.471463681,0.47685167,0.352066649,0.093180539
0.305740479,0.103019906,0.317533375,0.404630433,0.277779886,0.373281347,0.332426672,0.055390732,0.447806903,0.471463681,0.47685167,0.352066649,0.494731231,0.093180539,0.177310286
0.317533375,0.404630433,0.277779886,0.373281347,0.332426672,0.055390732,0.447806903,0.471463681,0.47685167,0.352066649,0.494731231,0.093180539,0.524536841,0.177310286,0.38991869
0.277779886,0.373281347,0.332426672,0.055390732,0.447806903,0.471463681,0.47685167,0.352066649,0.494731231,0.093180539,0.524536841,0.177310286,0.560086731,0.38991869,0.180666071
0.332426672,0.055390732,0.447806903,0.471463681,0.47685167,0.352066649,0.494731231,0.093180539,0.524536841,0.177310286,0.560086731,0.38991869,0.539544261,0.180666071,0.360856211
0.447806903,0.471463681,0.47685167,0.352066649,0.494731231,0.093180539,0.524536841,0.177310286,0.560086731,0.38991869,0.539544261,0.180666071,0.475881616,0.360856211,0.358596127
0.47685167,0.352066649,0.494731231,0.093180539,0.524536841,0.177310286,0.560086731,0.38991869,0.539544261,0.180666071,0.475881616,0.360856211,0.422813558,0.358596127,0.323066281
0.494731231,0.093180539,0.524536841,0.177310286,0.560086731,0.38991869,0.539544261,0.180666071,0.475881616,0.360856211,0.422813558,0.358596127,0.425628633,0.323066281,0.280436533
0.524536841,0.177310286,0.560086731,0.38991869,0.539544261,0.180666071,0.475881616,0.360856211,0.422813558,0.358596127,0.425628633,0.323066281,0.428710005,0.280436533,0.343864538
0.560086731,0.38991869,0.539544261,0.180666071,0.475881616,0.360856211,0.422813558,0.358596127,0.425628633,0.323066281,0.428710005,0.280436533,0.384315435,0.343864538,0.250846256
0.539544261,0.180666071,0.475881616,0.360856211,0.422813558,0.358596127,0.425628633,0.323066281,0.428710005,0.280436533,0.384315435,0.343864538,0.349088901,0.250846256,0.458978349
0.475881616,0.360856211,0.422813558,0.358596127,0.425628633,0.323066281,0.428710005,0.280436533,0.384315435,0.343864538,0.349088901,0.250846256,0.363963168,0.458978349,0.283892693
0.422813558,0.358596127,0.425628633,0.323066281,0.428710005,0.280436533,0.384315435,0.343864538,0.349088901,0.250846256,0.363963168,0.458978349,0.37859017,0.283892693,0.054373559
0.425628633,0.323066281,0.428710005,0.280436533,0.384315435,0.343864538,0.349088901,0.250846256,0.363963168,0.458978349,0.37859017,0.283892693,0.405010077,0.054373559,0.176092194
0.428710005,0.280436533,0.384315435,0.343864538,0.349088901,0.250846256,0.363963168,0.458978349,0.37859017,0.283892693,0.405010077,0.054373559,0.347795488,0.176092194,0.110687375
0.384315435,0.343864538,0.349088901,0.250846256,0.363963168,0.458978349,0.37859017,0.283892693,0.405010077,0.054373559,0.347795488,0.176092194,0.425571578,0.110687375,0.252113494
0.349088901,0.250846256,0.363963168,0.458978349,0.37859017,0.283892693,0.405010077,0.054373559,0.347795488,0.176092194,0.425571578,0.110687375,0.538174767,0.252113494,0.090150183
0.363963168,0.458978349,0.37859017,0.283892693,0.405010077,0.054373559,0.347795488,0.176092194,0.425571578,0.110687375,0.538174767,0.252113494,0.518944721,0.090150183,0.10305661
0.37859017,0.283892693,0.405010077,0.054373559,0.347795488,0.176092194,0.425571578,0.110687375,0.538174767,0.252113494,0.518944721,0.090150183,0.515387831,0.10305661,0.293341255
0.405010077,0.054373559,0.347795488,0.176092194,0.425571578,0.110687375,0.538174767,0.252113494,0.518944721,0.090150183,0.515387831,0.10305661,0.496633319,0.293341255,0.087503052
0.347795488,0.176092194,0.425571578,0.110687375,0.538174767,0.252113494,0.518944721,0.090150183,0.515387831,0.10305661,0.496633319,0.293341255,0.505021495,0.087503052,0.208497383
0.425571578,0.110687375,0.538174767,0.252113494,0.518944721,0.090150183,0.515387831,0.10305661,0.496633319,0.293341255,0.505021495,0.087503052,0.447160191,0.208497383,0.469500681
0.538174767,0.252113494,0.518944721,0.090150183,0.515387831,0.10305661,0.496633319,0.293341255,0.505021495,0.087503052,0.447160191,0.208497383,0.402404226,0.469500681,0.870277101
0.518944721,0.090150183,0.515387831,0.10305661,0.496633319,0.293341255,0.505021495,0.087503052,0.447160191,0.208497383,0.402404226,0.469500681,0.281336776,0.870277101,0.639337537
0.515387831,0.10305661,0.496633319,0.293341255,0.505021495,0.087503052,0.447160191,0.208497383,0.402404226,0.469500681,0.281336776,0.870277101,0.102826489,0.639337537,0.522517622
0.496633319,0.293341255,0.505021495,0.087503052,0.447160191,0.208497383,0.402404226,0.469500681,0.281336776,0.870277101,0.102826489,0.639337537,0.079944456,0.522517622,0.477980681
0.505021495,0.087503052,0.447160191,0.208497383,0.402404226,0.469500681,0.281336776,0.870277101,0.102826489,0.639337537,0.079944456,0.522517622,0.122589108,0.477980681,0.182893009
0.447160191,0.208497383,0.402404226,0.469500681,0.281336776,0.870277101,0.102826489,0.639337537,0.079944456,0.522517622,0.122589108,0.477980681,0.211378244,0.182893009,0.33714608
0.402404226,0.469500681,0.281336776,0.870277101,0.102826489,0.639337537,0.079944456,0.522517622,0.122589108,0.477980681,0.211378244,0.182893009,0.337942707,0.33714608,0.559598666
0.281336776,0.870277101,0.102826489,0.639337537,0.079944456,0.522517622,0.122589108,0.477980681,0.211378244,0.182893009,0.337942707,0.33714608,0.255772808,0.559598666,0.465968594
0.102826489,0.639337537,0.079944456,0.522517622,0.122589108,0.477980681,0.211378244,0.182893009,0.337942707,0.33714608,0.255772808,0.559598666,0.146897702,0.465968594,0.184727444
0.079944456,0.522517622,0.122589108,0.477980681,0.211378244,0.182893009,0.337942707,0.33714608,0.255772808,0.559598666,0.146897702,0.465968594,0.192547643,0.184727444,0.217392347
0.122589108,0.477980681,0.211378244,0.182893009,0.337942707,0.33714608,0.255772808,0.559598666,0.146897702,0.465968594,0.192547643,0.184727444,0.20190588,0.217392347,0.352502984
0.211378244,0.182893009,0.337942707,0.33714608,0.255772808,0.559598666,0.146897702,0.465968594,0.192547643,0.184727444,0.20190588,0.217392347,0.310704908,0.352502984,0.053998633
0.337942707,0.33714608,0.255772808,0.559598666,0.146897702,0.465968594,0.192547643,0.184727444,0.20190588,0.217392347,0.310704908,0.352502984,0.470745994,0.053998633,0.458107769
0.255772808,0.559598666,0.146897702,0.465968594,0.192547643,0.184727444,0.20190588,0.217392347,0.310704908,0.352502984,0.470745994,0.053998633,0.473351853,0.458107769,0.423682742
0.146897702,0.465968594,0.192547643,0.184727444,0.20190588,0.217392347,0.310704908,0.352502984,0.470745994,0.053998633,0.473351853,0.458107769,0.454939705,0.423682742,0.282526185
0.192547643,0.184727444,0.20190588,0.217392347,0.310704908,0.352502984,0.470745994,0.053998633,0.473351853,0.458107769,0.454939705,0.423682742,0.505154636,0.282526185,0.314080649
0.20190588,0.217392347,0.310704908,0.352502984,0.470745994,0.053998633,0.473351853,0.458107769,0.454939705,0.423682742,0.505154636,0.282526185,0.497565335,0.314080649,0.463295646
0.310704908,0.352502984,0.470745994,0.053998633,0.473351853,0.458107769,0.454939705,0.423682742,0.505154636,0.282526185,0.497565335,0.314080649,0.512743941,0.463295646,0.428519126
0.470745994,0.053998633,0.473351853,0.458107769,0.454939705,0.423682742,0.505154636,0.282526185,0.497565335,0.314080649,0.512743941,0.463295646,0.48343287,0.428519126,0.620709383
0.473351853,0.458107769,0.454939705,0.423682742,0.505154636,0.282526185,0.497565335,0.314080649,0.512743941,0.463295646,0.48343287,0.428519126,0.516510063,0.620709383,0.529383702
0.454939705,0.423682742,0.505154636,0.282526185,0.497565335,0.314080649,0.512743941,0.463295646,0.48343287,0.428519126,0.516510063,0.620709383,0.554817977,0.529383702,0.338857407
0.505154636,0.282526185,0.497565335,0.314080649,0.512743941,0.463295646,0.48343287,0.428519126,0.516510063,0.620709383,0.554817977,0.529383702,0.519287104,0.338857407,0.384412497
0.497565335,0.314080649,0.512743941,0.463295646,0.48343287,0.428519126,0.516510063,0.620709383,0.554817977,0.529383702,0.519287104,0.338857407,0.549473125,0.384412497,0.272729082
0.512743941,0.463295646,0.48343287,0.428519126,0.516510063,0.620709383,0.554817977,0.529383702,0.519287104,0.338857407,0.549473125,0.384412497,0.413379234,0.272729082,0.342502039
0.48343287,0.428519126,0.516510063,0.620709383,0.554817977,0.529383702,0.519287104,0.338857407,0.549473125,0.384412497,0.413379234,0.272729082,0.399855436,0.342502039,0.299649733
0.516510063,0.620709383,0.554817977,0.529383702,0.519287104,0.338857407,0.549473125,0.384412497,0.413379234,0.272729082,0.399855436,0.342502039,0.413208053,0.299649733,0.104695201
0.554817977,0.529383702,0.519287104,0.338857407,0.549473125,0.384412497,0.413379234,0.272729082,0.399855436,0.342502039,0.413208053,0.299649733,0.393939969,0.104695201,0.139987757
0.519287104,0.338857407,0.549473125,0.384412497,0.413379234,0.272729082,0.399855436,0.342502039,0.413208053,0.299649733,0.393939969,0.104695201,0.378818423,0.139987757,0.072695363
0.549473125,0.384412497,0.413379234,0.272729082,0.399855436,0.342502039,0.413208053,0.299649733,0.393939969,0.104695201,0.378818423,0.139987757,0.380948754,0.072695363,0.258204039
0.413379234,0.272729082,0.399855436,0.342502039,0.413208053,0.299649733,0.393939969,0.104695201,0.378818423,0.139987757,0.380948754,0.072695363,0.450869251,0.258204039,0.175319876
0.399855436,0.342502039,0.413208053,0.299649733,0.393939969,0.104695201,0.378818423,0.139987757,0.380948754,0.072695363,0.450869251,0.258204039,0.470327533,0.175319876,0.1550899
0.413208053,0.299649733,0.393939969,0.104695201,0.378818423,0.139987757,0.380948754,0.072695363,0.450869251,0.258204039,0.470327533,0.175319876,0.405314415,0.1550899,0.113477062
0.393939969,0.104695201,0.378818423,0.139987757,0.380948754,0.072695363,0.450869251,0.258204039,0.470327533,0.175319876,0.405314415,0.1550899,0.424049909,0.113477062,0.225464677
0.378818423,0.139987757,0.380948754,0.072695363,0.450869251,0.258204039,0.470327533,0.175319876,0.405314415,0.1550899,0.424049909,0.113477062,0.424677598,0.225464677,0.116067506
0.380948754,0.072695363,0.450869251,0.258204039,0.470327533,0.175319876,0.405314415,0.1550899,0.424049909,0.113477062,0.424677598,0.225464677,0.468330355,0.116067506,0.31646226
0.450869251,0.258204039,0.470327533,0.175319876,0.405314415,0.1550899,0.424049909,0.113477062,0.424677598,0.225464677,0.468330355,0.116067506,0.443679381,0.31646226,0.297284305
0.470327533,0.175319876,0.405314415,0.1550899,0.424049909,0.113477062,0.424677598,0.225464677,0.468330355,0.116067506,0.443679381,0.31646226,0.443279948,0.297284305,0.189926907
0.405314415,0.1550899,0.424049909,0.113477062,0.424677598,0.225464677,0.468330355,0.116067506,0.443679381,0.31646226,0.443279948,0.297284305,0.505325825,0.189926907,0.137353349
0.424049909,0.113477062,0.424677598,0.225464677,0.468330355,0.116067506,0.443679381,0.31646226,0.443279948,0.297284305,0.505325825,0.189926907,0.469509644,0.137353349,0.170299429
0.424677598,0.225464677,0.468330355,0.116067506,0.443679381,0.31646226,0.443279948,0.297284305,0.505325825,0.189926907,0.469509644,0.137353349,0.481226459,0.170299429,0.218280304
0.468330355,0.116067506,0.443679381,0.31646226,0.443279948,0.297284305,0.505325825,0.189926907,0.469509644,0.137353349,0.481226459,0.170299429,0.440483888,0.218280304,0.248686796
0.443679381,0.31646226,0.443279948,0.297284305,0.505325825,0.189926907,0.469509644,0.137353349,0.481226459,0.170299429,0.440483888,0.218280304,0.406455655,0.248686796,0.727003773
0.443279948,0.297284305,0.505325825,0.189926907,0.469509644,0.137353349,0.481226459,0.170299429,0.440483888,0.218280304,0.406455655,0.248686796,0.490774911,0.727003773,0.85918307
0.505325825,0.189926907,0.469509644,0.137353349,0.481226459,0.170299429,0.440483888,0.218280304,0.406455655,0.248686796,0.490774911,0.727003773,0.502567812,0.85918307,0.667784923
0.469509644,0.137353349,0.481226459,0.170299429,0.440483888,0.218280304,0.406455655,0.248686796,0.490774911,0.727003773,0.502567812,0.85918307,0.174782207,0.667784923,0.379887341
0.481226459,0.170299429,0.440483888,0.218280304,0.406455655,0.248686796,0.490774911,0.727003773,0.502567812,0.85918307,0.174782207,0.667784923,0.229181722,0.379887341,0.180755796
0.440483888,0.218280304,0.406455655,0.248686796,0.490774911,0.727003773,0.502567812,0.85918307,0.174782207,0.667784923,0.229181722,0.379887341,0.359607405,0.180755796,0.37999238
0.406455655,0.248686796,0.490774911,0.727003773,0.502567812,0.85918307,0.174782207,0.667784923,0.229181722,0.379887341,0.359607405,0.180755796,0.457203179,0.37999238,0.321097676
0.490774911,0.727003773,0.502567812,0.85918307,0.174782207,0.667784923,0.229181722,0.379887341,0.359607405,0.180755796,0.457203179,0.37999238,0.486856622,0.321097676,0.101072412
0.502567812,0.85918307,0.174782207,0.667784923,0.229181722,0.379887341,0.359607405,0.180755796,0.457203179,0.37999238,0.486856622,0.321097676,0.460645946,0.101072412,0.173322323
0.174782207,0.667784923,0.229181722,0.379887341,0.359607405,0.180755796,0.457203179,0.37999238,0.486856622,0.321097676,0.460645946,0.101072412,0.463784373,0.173322323,0.325963823
0.229181722,0.379887341,0.359607405,0.180755796,0.457203179,0.37999238,0.486856622,0.321097676,0.460645946,0.101072412,0.463784373,0.173322323,0.521950013,0.325963823,0.32584972
0.359607405,0.180755796,0.457203179,0.37999238,0.486856622,0.321097676,0.460645946,0.101072412,0.463784373,0.173322323,0.521950013,0.325963823,0.562958877,0.32584972,0.538181652
0.457203179,0.37999238,0.486856622,0.321097676,0.460645946,0.101072412,0.463784373,0.173322323,0.521950013,0.325963823,0.562958877,0.32584972,0.44641838,0.538181652,0.637508598
0.486856622,0.321097676,0.460645946,0.101072412,0.463784373,0.173322323,0.521950013,0.325963823,0.562958877,0.32584972,0.44641838,0.538181652,0.314147672,0.637508598,0.361182813
0.460645946,0.101072412,0.463784373,0.173322323,0.521950013,0.325963823,0.562958877,0.32584972,0.44641838,0.538181652,0.314147672,0.637508598,0.34511355,0.361182813,0.535790119
0.463784373,0.173322323,0.521950013,0.325963823,0.562958877,0.32584972,0.44641838,0.538181652,0.314147672,0.637508598,0.34511355,0.361182813,0.376821234,0.535790119,0.440711131
0.521950013,0.325963823,0.562958877,0.32584972,0.44641838,0.538181652,0.314147672,0.637508598,0.34511355,0.361182813,0.376821234,0.535790119,0.436451483,0.440711131,0.712969584
0.562958877,0.32584972,0.44641838,0.538181652,0.314147672,0.637508598,0.34511355,0.361182813,0.376821234,0.535790119,0.436451483,0.440711131,0.611633132,0.712969584,0.989200154
0.44641838,0.538181652,0.314147672,0.637508598,0.34511355,0.361182813,0.376821234,0.535790119,0.436451483,0.440711131,0.611633132,0.712969584,0.398048459,0.989200154,0.308661159
0.314147672,0.637508598,0.34511355,0.361182813,0.376821234,0.535790119,0.436451483,0.440711131,0.611633132,0.712969584,0.398048459,0.989200154,0.174744167,0.308661159,0.149260983
0.34511355,0.361182813,0.376821234,0.535790119,0.436451483,0.440711131,0.611633132,0.712969584,0.398048459,0.989200154,0.174744167,0.308661159,0.118252363,0.149260983,0.313885253
0.376821234,0.535790119,0.436451483,0.440711131,0.611633132,0.712969584,0.398048459,0.989200154,0.174744167,0.308661159,0.118252363,0.149260983,0.142789208,0.313885253,0.469971996
0.436451483,0.440711131,0.611633132,0.712969584,0.398048459,0.989200154,0.174744167,0.308661159,0.118252363,0.149260983,0.142789208,0.313885253,0.200821695,0.469971996,0.461015933
0.611633132,0.712969584,0.398048459,0.989200154,0.174744167,0.308661159,0.118252363,0.149260983,0.142789208,0.313885253,0.200821695,0.469971996,0.135028718,0.461015933,0.356318157
0.398048459,0.989200154,0.174744167,0.308661159,0.118252363,0.149260983,0.142789208,0.313885253,0.200821695,0.469971996,0.135028718,0.461015933,0.124776503,0.356318157,0.223081858
0.174744167,0.308661159,0.118252363,0.149260983,0.142789208,0.313885253,0.200821695,0.469971996,0.135028718,0.461015933,0.124776503,0.356318157,0.15741621,0.223081858,0.184655666
0.118252363,0.149260983,0.142789208,0.313885253,0.200821695,0.469971996,0.135028718,0.461015933,0.124776503,0.356318157,0.15741621,0.223081858,0.18682238,0.184655666,0.173807627
0.142789208,0.313885253,0.200821695,0.469971996,0.135028718,0.461015933,0.124776503,0.356318157,0.15741621,0.223081858,0.18682238,0.184655666,0.433617378,0.173807627,0.097314285
0.200821695,0.469971996,0.135028718,0.461015933,0.124776503,0.356318157,0.15741621,0.223081858,0.18682238,0.184655666,0.433617378,0.173807627,0.465344082,0.097314285,0.518485508
0.135028718,0.461015933,0.124776503,0.356318157,0.15741621,0.223081858,0.18682238,0.184655666,0.433617378,0.173807627,0.465344082,0.097314285,0.536481906,0.518485508,0.249414738
0.124776503,0.356318157,0.15741621,0.223081858,0.18682238,0.184655666,0.433617378,0.173807627,0.465344082,0.097314285,0.536481906,0.518485508,0.44677977,0.249414738,0.295492954
0.15741621,0.223081858,0.18682238,0.184655666,0.433617378,0.173807627,0.465344082,0.097314285,0.536481906,0.518485508,0.44677977,0.249414738,0.40234716,0.295492954,0.43987022
0.18682238,0.184655666,0.433617378,0.173807627,0.465344082,0.097314285,0.536481906,0.518485508,0.44677977,0.249414738,0.40234716,0.295492954,0.446361313,0.43987022,0.095132947
0.433617378,0.173807627,0.465344082,0.097314285,0.536481906,0.518485508,0.44677977,0.249414738,0.40234716,0.295492954,0.446361313,0.43987022,0.407330621,0.095132947,0.477513658
0.465344082,0.097314285,0.536481906,0.518485508,0.44677977,0.249414738,0.40234716,0.295492954,0.446361313,0.43987022,0.407330621,0.095132947,0.411477152,0.477513658,0.453480487
0.536481906,0.518485508,0.44677977,0.249414738,0.40234716,0.295492954,0.446361313,0.43987022,0.407330621,0.095132947,0.411477152,0.477513658,0.499182105,0.453480487,0.48172176
0.44677977,0.249414738,0.40234716,0.295492954,0.446361313,0.43987022,0.407330621,0.095132947,0.411477152,0.477513658,0.499182105,0.453480487,0.520485407,0.48172176,0.337529974
0.40234716,0.295492954,0.446361313,0.43987022,0.407330621,0.095132947,0.411477152,0.477513658,0.499182105,0.453480487,0.520485407,0.48172176,0.480237382,0.337529974,0.192474181
0.446361313,0.43987022,0.407330621,0.095132947,0.411477152,0.477513658,0.499182105,0.453480487,0.520485407,0.48172176,0.480237382,0.337529974,0.465382131,0.192474181,0.386137199
0.407330621,0.095132947,0.411477152,0.477513658,0.499182105,0.453480487,0.520485407,0.48172176,0.480237382,0.337529974,0.465382131,0.192474181,0.459561757,0.386137199,0.425478804
0.411477152,0.477513658,0.499182105,0.453480487,0.520485407,0.48172176,0.480237382,0.337529974,0.465382131,0.192474181,0.459561757,0.386137199,0.379598278,0.425478804,0.436737696
0.499182105,0.453480487,0.520485407,0.48172176,0.480237382,0.337529974,0.465382131,0.192474181,0.459561757,0.386137199,0.379598278,0.425478804,0.392380268,0.436737696,0.080365388
0.520485407,0.48172176,0.480237382,0.337529974,0.465382131,0.192474181,0.459561757,0.386137199,0.379598278,0.425478804,0.392380268,0.436737696,0.423498303,0.080365388,0.329305401
0.480237382,0.337529974,0.465382131,0.192474181,0.459561757,0.386137199,0.379598278,0.425478804,0.392380268,0.436737696,0.423498303,0.080365388,0.427150298,0.329305401,0.1062446
0.465382131,0.192474181,0.459561757,0.386137199,0.379598278,0.425478804,0.392380268,0.436737696,0.423498303,0.080365388,0.427150298,0.329305401,0.482139456,0.1062446,0.063329763
0.459561757,0.386137199,0.379598278,0.425478804,0.392380268,0.436737696,0.423498303,0.080365388,0.427150298,0.329305401,0.482139456,0.1062446,0.4859246,0.063329763,0.165317866
0.379598278,0.425478804,0.392380268,0.436737696,0.423498303,0.080365388,0.427150298,0.329305401,0.482139456,0.1062446,0.4859246,0.063329763,0.508977823,0.165317866,0.18757576
0.392380268,0.436737696,0.423498303,0.080365388,0.427150298,0.329305401,0.482139456,0.1062446,0.4859246,0.063329763,0.508977823,0.165317866,0.566705984,0.18757576,0.1324418
0.423498303,0.080365388,0.427150298,0.329305401,0.482139456,0.1062446,0.4859246,0.063329763,0.508977823,0.165317866,0.566705984,0.18757576,0.55339141,0.1324418,0.067163632
0.427150298,0.329305401,0.482139456,0.1062446,0.4859246,0.063329763,0.508977823,0.165317866,0.566705984,0.18757576,0.55339141,0.1324418,0.578346716,0.067163632,0.171109817
0.482139456,0.1062446,0.4859246,0.063329763,0.508977823,0.165317866,0.566705984,0.18757576,0.55339141,0.1324418,0.578346716,0.067163632,0.512553732,0.171109817,0.22045208
0.4859246,0.063329763,0.508977823,0.165317866,0.566705984,0.18757576,0.55339141,0.1324418,0.578346716,0.067163632,0.512553732,0.171109817,0.549815502,0.22045208,0.09717754
0.508977823,0.165317866,0.566705984,0.18757576,0.55339141,0.1324418,0.578346716,0.067163632,0.512553732,0.171109817,0.549815502,0.22045208,0.580210747,0.09717754,0.143435736
0.566705984,0.18757576,0.55339141,0.1324418,0.578346716,0.067163632,0.512553732,0.171109817,0.549815502,0.22045208,0.580210747,0.09717754,0.567847224,0.143435736,0.29744029
0.55339141,0.1324418,0.578346716,0.067163632,0.512553732,0.171109817,0.549815502,0.22045208,0.580210747,0.09717754,0.567847224,0.143435736,0.515996495,0.29744029,0.262596276
0.578346716,0.067163632,0.512553732,0.171109817,0.549815502,0.22045208,0.580210747,0.09717754,0.567847224,0.143435736,0.515996495,0.29744029,0.631262603,0.262596276,0.306797342
0.512553732,0.171109817,0.549815502,0.22045208,0.580210747,0.09717754,0.567847224,0.143435736,0.515996495,0.29744029,0.631262603,0.262596276,0.646517301,0.306797342,0.485382345
0.549815502,0.22045208,0.580210747,0.09717754,0.567847224,0.143435736,0.515996495,0.29744029,0.631262603,0.262596276,0.646517301,0.306797342,0.534465707,0.485382345,0.240467468
0.580210747,0.09717754,0.567847224,0.143435736,0.515996495,0.29744029,0.631262603,0.262596276,0.646517301,0.306797342,0.534465707,0.485382345,0.50213033,0.240467468,0.08414249
0.567847224,0.143435736,0.515996495,0.29744029,0.631262603,0.262596276,0.646517301,0.306797342,0.534465707,0.485382345,0.50213033,0.240467468,0.475425109,0.08414249,0.272695224
0.515996495,0.29744029,0.631262603,0.262596276,0.646517301,0.306797342,0.534465707,0.485382345,0.50213033,0.240467468,0.475425109,0.08414249,0.429014339,0.272695224,0.191626612
0.631262603,0.262596276,0.646517301,0.306797342,0.534465707,0.485382345,0.50213033,0.240467468,0.475425109,0.08414249,0.429014339,0.272695224,0.427359526,0.191626612,0.415949288
0.646517301,0.306797342,0.534465707,0.485382345,0.50213033,0.240467468,0.475425109,0.08414249,0.429014339,0.272695224,0.427359526,0.191626612,0.454502231,0.415949288,0.140745096
0.534465707,0.485382345,0.50213033,0.240467468,0.475425109,0.08414249,0.429014339,0.272695224,0.427359526,0.191626612,0.454502231,0.415949288,0.396774068,0.140745096,0.252840591
0.50213033,0.240467468,0.475425109,0.08414249,0.429014339,0.272695224,0.427359526,0.191626612,0.454502231,0.415949288,0.396774068,0.140745096,0.45168714,0.252840591,0.187842192
0.475425109,0.08414249,0.429014339,0.272695224,0.427359526,0.191626612,0.454502231,0.415949288,0.396774068,0.140745096,0.45168714,0.252840591,0.448339481,0.187842192,0.335089942
0.429014339,0.272695224,0.427359526,0.191626612,0.454502231,0.415949288,0.396774068,0.140745096,0.45168714,0.252840591,0.448339481,0.187842192,0.511983109,0.335089942,0.301817654
0.427359526,0.191626612,0.454502231,0.415949288,0.396774068,0.140745096,0.45168714,0.252840591,0.448339481,0.187842192,0.511983109,0.335089942,0.507189865,0.301817654,0.338989801
0.454502231,0.415949288,0.396774068,0.140745096,0.45168714,0.252840591,0.448339481,0.187842192,0.511983109,0.335089942,0.507189865,0.301817654,0.548883483,0.338989801,0.325339417
0.396774068,0.140745096,0.45168714,0.252840591,0.448339481,0.187842192,0.511983109,0.335089942,0.507189865,0.301817654,0.548883483,0.338989801,0.655514141,0.325339417,0.37050577
0.45168714,0.252840591,0.448339481,0.187842192,0.511983109,0.335089942,0.507189865,0.301817654,0.548883483,0.338989801,0.655514141,0.325339417,0.525012358,0.37050577,0.341431301
0.448339481,0.187842192,0.511983109,0.335089942,0.507189865,0.301817654,0.548883483,0.338989801,0.655514141,0.325339417,0.525012358,0.37050577,0.508312094,0.341431301,0.41588337
0.511983109,0.335089942,0.507189865,0.301817654,0.548883483,0.338989801,0.655514141,0.325339417,0.525012358,0.37050577,0.508312094,0.341431301,0.483927416,0.41588337,0.392597317
0.507189865,0.301817654,0.548883483,0.338989801,0.655514141,0.325339417,0.525012358,0.37050577,0.508312094,0.341431301,0.483927416,0.41588337,0.506333928,0.392597317,0.072869066
0.548883483,0.338989801,0.655514141,0.325339417,0.525012358,0.37050577,0.508312094,0.341431301,0.483927416,0.41588337,0.506333928,0.392597317,0.460779087,0.072869066,0.134774811
0.655514141,0.325339417,0.525012358,0.37050577,0.508312094,0.341431301,0.483927416,0.41588337,0.506333928,0.392597317,0.460779087,0.072869066,0.538060637,0.134774811,0.261575811
0.525012358,0.37050577,0.508312094,0.341431301,0.483927416,0.41588337,0.506333928,0.392597317,0.460779087,0.072869066,0.538060637,0.134774811,0.614334085,0.261575811,0.317846413
0.508312094,0.341431301,0.483927416,0.41588337,0.506333928,0.392597317,0.460779087,0.072869066,0.538060637,0.134774811,0.614334085,0.261575811,0.637748701,0.317846413,0.497198705
0.483927416,0.41588337,0.506333928,0.392597317,0.460779087,0.072869066,0.538060637,0.134774811,0.614334085,0.261575811,0.637748701,0.317846413,0.62723019,0.497198705,0.5262143
0.506333928,0.392597317,0.460779087,0.072869066,0.538060637,0.134774811,0.614334085,0.261575811,0.637748701,0.317846413,0.62723019,0.497198705,0.473713242,0.5262143,0.423986252
0.460779087,0.072869066,0.538060637,0.134774811,0.614334085,0.261575811,0.637748701,0.317846413,0.62723019,0.497198705,0.473713242,0.5262143,0.420569097,0.423986252,0.187854049
0.538060637,0.134774811,0.614334085,0.261575811,0.637748701,0.317846413,0.62723019,0.497198705,0.473713242,0.5262143,0.420569097,0.423986252,0.372902955,0.187854049,0.147980307
0.614334085,0.261575811,0.637748701,0.317846413,0.62723019,0.497198705,0.473713242,0.5262143,0.420569097,0.423986252,0.372902955,0.187854049,0.338513328,0.147980307,0.593830799
0.637748701,0.317846413,0.62723019,0.497198705,0.473713242,0.5262143,0.420569097,0.423986252,0.372902955,0.187854049,0.338513328,0.147980307,0.397116437,0.593830799,0.334580239
0.62723019,0.497198705,0.473713242,0.5262143,0.420569097,0.423986252,0.372902955,0.187854049,0.338513328,0.147980307,0.397116437,0.593830799,0.390002661,0.334580239,0.394359333
0.473713242,0.5262143,0.420569097,0.423986252,0.372902955,0.187854049,0.338513328,0.147980307,0.397116437,0.593830799,0.390002661,0.334580239,0.419541975,0.394359333,0.246079054
0.420569097,0.423986252,0.372902955,0.187854049,0.338513328,0.147980307,0.397116437,0.593830799,0.390002661,0.334580239,0.419541975,0.394359333,0.445258112,0.246079054,0.393823014
0.372902955,0.187854049,0.338513328,0.147980307,0.397116437,0.593830799,0.390002661,0.334580239,0.419541975,0.394359333,0.445258112,0.246079054,0.443622322,0.393823014,0.467683102
0.338513328,0.147980307,0.397116437,0.593830799,0.390002661,0.334580239,0.419541975,0.394359333,0.445258112,0.246079054,0.443622322,0.393823014,0.459885112,0.467683102,0.330382585
0.397116437,0.593830799,0.390002661,0.334580239,0.419541975,0.394359333,0.445258112,0.246079054,0.443622322,0.393823014,0.459885112,0.467683102,0.421272866,0.330382585,0.098859557
0.390002661,0.334580239,0.419541975,0.394359333,0.445258112,0.246079054,0.443622322,0.393823014,0.459885112,0.467683102,0.421272866,0.330382585,0.436946017,0.098859557,0.169271216
0.419541975,0.394359333,0.445258112,0.246079054,0.443622322,0.393823014,0.459885112,0.467683102,0.421272866,0.330382585,0.436946017,0.098859557,0.430821314,0.169271216,0.201856859
0.445258112,0.246079054,0.443622322,0.393823014,0.459885112,0.467683102,0.421272866,0.330382585,0.436946017,0.098859557,0.430821314,0.169271216,0.457203177,0.201856859,0.079254046
0.443622322,0.393823014,0.459885112,0.467683102,0.421272866,0.330382585,0.436946017,0.098859557,0.430821314,0.169271216,0.457203177,0.201856859,0.495796399,0.079254046,0.150544056
0.459885112,0.467683102,0.421272866,0.330382585,0.436946017,0.098859557,0.430821314,0.169271216,0.457203177,0.201856859,0.495796399,0.079254046,0.480712902,0.150544056,0.197690991
0.421272866,0.330382585,0.436946017,0.098859557,0.430821314,0.169271216,0.457203177,0.201856859,0.495796399,0.079254046,0.480712902,0.150544056,0.479552625,0.197690991,0.18265416
0.436946017,0.098859557,0.430821314,0.169271216,0.457203177,0.201856859,0.495796399,0.079254046,0.480712902,0.150544056,0.479552625,0.197690991,0.446076004,0.18265416,0.18303114
0.430821314,0.169271216,0.457203177,0.201856859,0.495796399,0.079254046,0.480712902,0.150544056,0.479552625,0.197690991,0.446076004,0.18265416,0.414805796,0.18303114,0.298314957
0.457203177,0.201856859,0.495796399,0.079254046,0.480712902,0.150544056,0.479552625,0.197690991,0.446076004,0.18265416,0.414805796,0.18303114,0.371932885,0.298314957,0.274608945
0.495796399,0.079254046,0.480712902,0.150544056,0.479552625,0.197690991,0.446076004,0.18265416,0.414805796,0.18303114,0.371932885,0.298314957,0.420721269,0.274608945,0.087481536
0.480712902,0.150544056,0.479552625,0.197690991,0.446076004,0.18265416,0.414805796,0.18303114,0.371932885,0.298314957,0.420721269,0.274608945,0.379598277,0.087481536,0.166343659
0.479552625,0.197690991,0.446076004,0.18265416,0.414805796,0.18303114,0.371932885,0.298314957,0.420721269,0.274608945,0.379598277,0.087481536,0.400349982,0.166343659,0.260355435
0.446076004,0.18265416,0.414805796,0.18303114,0.371932885,0.298314957,0.420721269,0.274608945,0.379598277,0.087481536,0.400349982,0.166343659,0.475025678,0.260355435,0.38361266
0.414805796,0.18303114,0.371932885,0.298314957,0.420721269,0.274608945,0.379598277,0.087481536,0.400349982,0.166343659,0.475025678,0.260355435,0.489005971,0.38361266,0.351801298
0.371932885,0.298314957,0.420721269,0.274608945,0.379598277,0.087481536,0.400349982,0.166343659,0.475025678,0.260355435,0.489005971,0.38361266,0.330752835,0.351801298,0.403813988
0.420721269,0.274608945,0.379598277,0.087481536,0.400349982,0.166343659,0.475025678,0.260355435,0.489005971,0.38361266,0.330752835,0.351801298,0.228668158,0.403813988,0.367038758
0.379598277,0.087481536,0.400349982,0.166343659,0.475025678,0.260355435,0.489005971,0.38361266,0.330752835,0.351801298,0.228668158,0.403813988,0.239548061,0.367038758,0.179929153
0.400349982,0.166343659,0.475025678,0.260355435,0.489005971,0.38361266,0.330752835,0.351801298,0.228668158,0.403813988,0.239548061,0.367038758,0.285673526,0.179929153,0.477846754
0.475025678,0.260355435,0.489005971,0.38361266,0.330752835,0.351801298,0.228668158,0.403813988,0.239548061,0.367038758,0.285673526,0.179929153,0.43804922,0.477846754,0.26465452
0.489005971,0.38361266,0.330752835,0.351801298,0.228668158,0.403813988,0.239548061,0.367038758,0.285673526,0.179929153,0.43804922,0.477846754,0.571080756,0.26465452,0.131704983
0.330752835,0.351801298,0.228668158,0.403813988,0.239548061,0.367038758,0.285673526,0.179929153,0.43804922,0.477846754,0.571080756,0.26465452,0.504127514,0.131704983,0.370286555
0.228668158,0.403813988,0.239548061,0.367038758,0.285673526,0.179929153,0.43804922,0.477846754,0.571080756,0.26465452,0.504127514,0.131704983,0.293681286,0.370286555,0.38501723
0.239548061,0.367038758,0.285673526,0.179929153,0.43804922,0.477846754,0.571080756,0.26465452,0.504127514,0.131704983,0.293681286,0.370286555,0.189941792,0.38501723,0.19889488
0.285673526,0.179929153,0.43804922,0.477846754,0.571080756,0.26465452,0.504127514,0.131704983,0.293681286,0.370286555,0.189941792,0.38501723,0.216685054,0.19889488,0.126050992
0.43804922,0.477846754,0.571080756,0.26465452,0.504127514,0.131704983,0.293681286,0.370286555,0.189941792,0.38501723,0.216685054,0.19889488,0.306995855,0.126050992,0.106806066
0.571080756,0.26465452,0.504127514,0.131704983,0.293681286,0.370286555,0.189941792,0.38501723,0.216685054,0.19889488,0.306995855,0.126050992,0.373492601,0.106806066,0.079352381
0.504127514,0.131704983,0.293681286,0.370286555,0.189941792,0.38501723,0.216685054,0.19889488,0.306995855,0.126050992,0.373492601,0.106806066,0.351390424,0.079352381,0.085428286
0.293681286,0.370286555,0.189941792,0.38501723,0.216685054,0.19889488,0.306995855,0.126050992,0.373492601,0.106806066,0.351390424,0.079352381,0.360615513,0.085428286,0.453427209
0.189941792,0.38501723,0.216685054,0.19889488,0.306995855,0.126050992,0.373492601,0.106806066,0.351390424,0.079352381,0.360615513,0.085428286,0.35353977,0.453427209,0.479641777
0.216685054,0.19889488,0.306995855,0.126050992,0.373492601,0.106806066,0.351390424,0.079352381,0.360615513,0.085428286,0.35353977,0.453427209,0.380967776,0.479641777,0.290643761
0.306995855,0.126050992,0.373492601,0.106806066,0.351390424,0.079352381,0.360615513,0.085428286,0.35353977,0.453427209,0.380967776,0.479641777,0.380321069,0.290643761,0.498166006
0.373492601,0.106806066,0.351390424,0.079352381,0.360615513,0.085428286,0.35353977,0.453427209,0.380967776,0.479641777,0.380321069,0.290643761,0.207612122,0.498166006,0.443616611
0.351390424,0.079352381,0.360615513,0.085428286,0.35353977,0.453427209,0.380967776,0.479641777,0.380321069,0.290643761,0.207612122,0.498166006,0.081713392,0.443616611,0.187434238
0.360615513,0.085428286,0.35353977,0.453427209,0.380967776,0.479641777,0.380321069,0.290643761,0.207612122,0.498166006,0.081713392,0.443616611,0.183969256,0.187434238,0.150494324
0.35353977,0.453427209,0.380967776,0.479641777,0.380321069,0.290643761,0.207612122,0.498166006,0.081713392,0.443616611,0.183969256,0.187434238,0.270742191,0.150494324,0.253867862
0.380967776,0.479641777,0.380321069,0.290643761,0.207612122,0.498166006,0.081713392,0.443616611,0.183969256,0.187434238,0.270742191,0.150494324,0.317666519,0.253867862,0.236136102
0.380321069,0.290643761,0.207612122,0.498166006,0.081713392,0.443616611,0.183969256,0.187434238,0.270742191,0.150494324,0.317666519,0.253867862,0.400254875,0.236136102,0.240133972
0.207612122,0.498166006,0.081713392,0.443616611,0.183969256,0.187434238,0.270742191,0.150494324,0.317666519,0.253867862,0.400254875,0.236136102,0.404116099,0.240133972,0.20790334
0.081713392,0.443616611,0.183969256,0.187434238,0.270742191,0.150494324,0.317666519,0.253867862,0.400254875,0.236136102,0.404116099,0.240133972,0.374786017,0.20790334,0.171090906
0.183969256,0.187434238,0.270742191,0.150494324,0.317666519,0.253867862,0.400254875,0.236136102,0.404116099,0.240133972,0.374786017,0.20790334,0.32169893,0.171090906,0.370901849
0.270742191,0.150494324,0.317666519,0.253867862,0.400254875,0.236136102,0.404116099,0.240133972,0.374786017,0.20790334,0.32169893,0.171090906,0.317057854,0.370901849,0.342947743
0.317666519,0.253867862,0.400254875,0.236136102,0.404116099,0.240133972,0.374786017,0.20790334,0.32169893,0.171090906,0.317057854,0.370901849,0.384905088,0.342947743,0.457083668
0.400254875,0.236136102,0.404116099,0.240133972,0.374786017,0.20790334,0.32169893,0.171090906,0.317057854,0.370901849,0.384905088,0.342947743,0.471050328,0.457083668,0.41783299
0.404116099,0.240133972,0.374786017,0.20790334,0.32169893,0.171090906,0.317057854,0.370901849,0.384905088,0.342947743,0.471050328,0.457083668,0.554133222,0.41783299,0.05872389
0.374786017,0.20790334,0.32169893,0.171090906,0.317057854,0.370901849,0.384905088,0.342947743,0.471050328,0.457083668,0.554133222,0.41783299,0.545155403,0.05872389,0.207665755
0.32169893,0.171090906,0.317057854,0.370901849,0.384905088,0.342947743,0.471050328,0.457083668,0.554133222,0.41783299,0.545155403,0.05872389,0.52982463,0.207665755,0.196935321
0.317057854,0.370901849,0.384905088,0.342947743,0.471050328,0.457083668,0.554133222,0.41783299,0.545155403,0.05872389,0.52982463,0.207665755,0.585289306,0.196935321,0.259132725
0.384905088,0.342947743,0.471050328,0.457083668,0.554133222,0.41783299,0.545155403,0.05872389,0.52982463,0.207665755,0.585289306,0.196935321,0.640126298,0.259132725,0.351464989
0.471050328,0.457083668,0.554133222,0.41783299,0.545155403,0.05872389,0.52982463,0.207665755,0.585289306,0.196935321,0.640126298,0.259132725,0.703275394,0.351464989,0.374331046
0.554133222,0.41783299,0.545155403,0.05872389,0.52982463,0.207665755,0.585289306,0.196935321,0.640126298,0.259132725,0.703275394,0.351464989,0.355670101,0.374331046,0.110325238
0.545155403,0.05872389,0.52982463,0.207665755,0.585289306,0.196935321,0.640126298,0.259132725,0.703275394,0.351464989,0.355670101,0.374331046,0.362707804,0.110325238,0.180995137
0.52982463,0.207665755,0.585289306,0.196935321,0.640126298,0.259132725,0.703275394,0.351464989,0.355670101,0.374331046,0.362707804,0.110325238,0.35916993,0.180995137,0.32258754
0.585289306,0.196935321,0.640126298,0.259132725,0.703275394,0.351464989,0.355670101,0.374331046,0.362707804,0.110325238,0.35916993,0.180995137,0.332578841,0.32258754,0.20179883
0.640126298,0.259132725,0.703275394,0.351464989,0.355670101,0.374331046,0.362707804,0.110325238,0.35916993,0.180995137,0.332578841,0.32258754,0.364324572,0.20179883,0.296038063
0.703275394,0.351464989,0.355670101,0.374331046,0.362707804,0.110325238,0.35916993,0.180995137,0.332578841,0.32258754,0.364324572,0.20179883,0.329535502,0.296038063,0.573698463
0.355670101,0.374331046,0.362707804,0.110325238,0.35916993,0.180995137,0.332578841,0.32258754,0.364324572,0.20179883,0.329535502,0.296038063,0.377277735,0.573698463,0.264028694
0.362707804,0.110325238,0.35916993,0.180995137,0.332578841,0.32258754,0.364324572,0.20179883,0.329535502,0.296038063,0.377277735,0.573698463,0.367520062,0.264028694,0.242536607
0.35916993,0.180995137,0.332578841,0.32258754,0.364324572,0.20179883,0.329535502,0.296038063,0.377277735,0.573698463,0.367520062,0.264028694,0.3330924,0.242536607,0.419294676
0.332578841,0.32258754,0.364324572,0.20179883,0.329535502,0.296038063,0.377277735,0.573698463,0.367520062,0.264028694,0.3330924,0.242536607,0.40074942,0.419294676,0.428264699
0.364324572,0.20179883,0.329535502,0.296038063,0.377277735,0.573698463,0.367520062,0.264028694,0.3330924,0.242536607,0.40074942,0.419294676,0.443641343,0.428264699,0.464774891
0.329535502,0.296038063,0.377277735,0.573698463,0.367520062,0.264028694,0.3330924,0.242536607,0.40074942,0.419294676,0.443641343,0.428264699,0.428139381,0.464774891,0.396642888
0.377277735,0.573698463,0.367520062,0.264028694,0.3330924,0.242536607,0.40074942,0.419294676,0.443641343,0.428264699,0.428139381,0.464774891,0.427473651,0.396642888,0.518864133
0.367520062,0.264028694,0.3330924,0.242536607,0.40074942,0.419294676,0.443641343,0.428264699,0.428139381,0.464774891,0.427473651,0.396642888,0.460417693,0.518864133,0.481996089
0.3330924,0.242536607,0.40074942,0.419294676,0.443641343,0.428264699,0.428139381,0.464774891,0.427473651,0.396642888,0.460417693,0.518864133,0.503785142,0.481996089,0.292631272
0.40074942,0.419294676,0.443641343,0.428264699,0.428139381,0.464774891,0.427473651,0.396642888,0.460417693,0.518864133,0.503785142,0.481996089,0.625175951,0.292631272,0.364527797
0.443641343,0.428264699,0.428139381,0.464774891,0.427473651,0.396642888,0.460417693,0.518864133,0.503785142,0.481996089,0.625175951,0.292631272,0.59702515,0.364527797,0.756190265
0.428139381,0.464774891,0.427473651,0.396642888,0.460417693,0.518864133,0.503785142,0.481996089,0.625175951,0.292631272,0.59702515,0.364527797,0.37415832,0.756190265,0.340267964
0.427473651,0.396642888,0.460417693,0.518864133,0.503785142,0.481996089,0.625175951,0.292631272,0.59702515,0.364527797,0.37415832,0.756190265,0.302621062,0.340267964,0.132495389
0.460417693,0.518864133,0.503785142,0.481996089,0.625175951,0.292631272,0.59702515,0.364527797,0.37415832,0.756190265,0.302621062,0.340267964,0.302678132,0.132495389,0.465517706
0.503785142,0.481996089,0.625175951,0.292631272,0.59702515,0.364527797,0.37415832,0.756190265,0.302621062,0.340267964,0.302678132,0.132495389,0.271027498,0.465517706,0.521083233
0.625175951,0.292631272,0.59702515,0.364527797,0.37415832,0.756190265,0.302621062,0.340267964,0.302678132,0.132495389,0.271027498,0.465517706,0.291455846,0.521083233,0.211458617
0.59702515,0.364527797,0.37415832,0.756190265,0.302621062,0.340267964,0.302678132,0.132495389,0.271027498,0.465517706,0.291455846,0.521083233,0.367634191,0.211458617,0.164836237
0.37415832,0.756190265,0.302621062,0.340267964,0.302678132,0.132495389,0.271027498,0.465517706,0.291455846,0.521083233,0.367634191,0.211458617,0.425913949,0.164836237,0.135905857
0.302621062,0.340267964,0.302678132,0.132495389,0.271027498,0.465517706,0.291455846,0.521083233,0.367634191,0.211458617,0.425913949,0.164836237,0.472172557,0.135905857,0.163313565
0.302678132,0.132495389,0.271027498,0.465517706,0.291455846,0.521083233,0.367634191,0.211458617,0.425913949,0.164836237,0.472172557,0.135905857,0.48525887,0.163313565,0.266848338
0.271027498,0.465517706,0.291455846,0.521083233,0.367634191,0.211458617,0.425913949,0.164836237,0.472172557,0.135905857,0.48525887,0.163313565,0.483299727,0.266848338,0.649055134
0.291455846,0.521083233,0.367634191,0.211458617,0.425913949,0.164836237,0.472172557,0.135905857,0.48525887,0.163313565,0.483299727,0.266848338,0.555008181,0.649055134,0.273678398
0.367634191,0.211458617,0.425913949,0.164836237,0.472172557,0.135905857,0.48525887,0.163313565,0.483299727,0.266848338,0.555008181,0.649055134,0.260547032,0.273678398,0.314691197
0.425913949,0.164836237,0.472172557,0.135905857,0.48525887,0.163313565,0.483299727,0.266848338,0.555008181,0.649055134,0.260547032,0.273678398,0.29933046,0.314691197,0.716786037
0.472172557,0.135905857,0.48525887,0.163313565,0.483299727,0.266848338,0.555008181,0.649055134,0.260547032,0.273678398,0.29933046,0.314691197,0.207231706,0.716786037,0.242245525
0.48525887,0.163313565,0.483299727,0.266848338,0.555008181,0.649055134,0.260547032,0.273678398,0.29933046,0.314691197,0.207231706,0.716786037,0.185776235,0.242245525,0.396246961
0.483299727,0.266848338,0.555008181,0.649055134,0.260547032,0.273678398,0.29933046,0.314691197,0.207231706,0.716786037,0.185776235,0.242245525,0.220089774,0.396246961,0.310254005
0.555008181,0.649055134,0.260547032,0.273678398,0.29933046,0.314691197,0.207231706,0.716786037,0.185776235,0.242245525,0.220089774,0.396246961,0.290447745,0.310254005,0.23813708
0.260547032,0.273678398,0.29933046,0.314691197,0.207231706,0.716786037,0.185776235,0.242245525,0.220089774,0.396246961,0.290447745,0.310254005,0.299825004,0.23813708,0.296012411
0.29933046,0.314691197,0.207231706,0.716786037,0.185776235,0.242245525,0.220089774,0.396246961,0.290447745,0.310254005,0.299825004,0.23813708,0.360235095,0.296012411,0.099452655
0.207231706,0.716786037,0.185776235,0.242245525,0.220089774,0.396246961,0.290447745,0.310254005,0.299825004,0.23813708,0.360235095,0.296012411,0.400045653,0.099452655,0.100349073
0.185776235,0.242245525,0.220089774,0.396246961,0.290447745,0.310254005,0.299825004,0.23813708,0.360235095,0.296012411,0.400045653,0.099452655,0.397021344,0.100349073,0.144162343
0.220089774,0.396246961,0.290447745,0.310254005,0.299825004,0.23813708,0.360235095,0.296012411,0.400045653,0.099452655,0.397021344,0.100349073,0.460208475,0.144162343,0.050627197
0.290447745,0.310254005,0.299825004,0.23813708,0.360235095,0.296012411,0.400045653,0.099452655,0.397021344,0.100349073,0.460208475,0.144162343,0.461882297,0.050627197,0.15303982
0.299825004,0.23813708,0.360235095,0.296012411,0.400045653,0.099452655,0.397021344,0.100349073,0.460208475,0.144162343,0.461882297,0.050627197,0.4717541,0.15303982,0.176717168
0.360235095,0.296012411,0.400045653,0.099452655,0.397021344,0.100349073,0.460208475,0.144162343,0.461882297,0.050627197,0.4717541,0.15303982,0.505763307,0.176717168,0.370542532
0.400045653,0.099452655,0.397021344,0.100349073,0.460208475,0.144162343,0.461882297,0.050627197,0.4717541,0.15303982,0.505763307,0.176717168,0.583691559,0.370542532,0.47831492
0.397021344,0.100349073,0.460208475,0.144162343,0.461882297,0.050627197,0.4717541,0.15303982,0.505763307,0.176717168,0.583691559,0.370542532,0.512896111,0.47831492,0.438470631
0.460208475,0.144162343,0.461882297,0.050627197,0.4717541,0.15303982,0.505763307,0.176717168,0.583691559,0.370542532,0.512896111,0.47831492,0.492239507,0.438470631,0.195473529
0.461882297,0.050627197,0.4717541,0.15303982,0.505763307,0.176717168,0.583691559,0.370542532,0.512896111,0.47831492,0.492239507,0.438470631,0.535664025,0.195473529,0.110140755
0.4717541,0.15303982,0.505763307,0.176717168,0.583691559,0.370542532,0.512896111,0.47831492,0.492239507,0.438470631,0.535664025,0.195473529,0.483680143,0.110140755,0.147787302
0.505763307,0.176717168,0.583691559,0.370542532,0.512896111,0.47831492,0.492239507,0.438470631,0.535664025,0.195473529,0.483680143,0.110140755,0.536082476,0.147787302,0.187506567
0.583691559,0.370542532,0.512896111,0.47831492,0.492239507,0.438470631,0.535664025,0.195473529,0.483680143,0.110140755,0.536082476,0.147787302,0.549054667,0.187506567,0.487573452
0.512896111,0.47831492,0.492239507,0.438470631,0.535664025,0.195473529,0.483680143,0.110140755,0.536082476,0.147787302,0.549054667,0.187506567,0.524175449,0.487573452,0.196442778
0.492239507,0.438470631,0.535664025,0.195473529,0.483680143,0.110140755,0.536082476,0.147787302,0.549054667,0.187506567,0.524175449,0.487573452,0.542074029,0.196442778,0.249465116
0.535664025,0.195473529,0.483680143,0.110140755,0.536082476,0.147787302,0.549054667,0.187506567,0.524175449,0.487573452,0.542074029,0.196442778,0.521969038,0.249465116,0.217115256
0.483680143,0.110140755,0.536082476,0.147787302,0.549054667,0.187506567,0.524175449,0.487573452,0.542074029,0.196442778,0.521969038,0.249465116,0.485772433,0.217115256,0.409485152
0.536082476,0.147787302,0.549054667,0.187506567,0.524175449,0.487573452,0.542074029,0.196442778,0.521969038,0.249465116,0.485772433,0.217115256,0.48480237,0.409485152,0.264366187
0.549054667,0.187506567,0.524175449,0.487573452,0.542074029,0.196442778,0.521969038,0.249465116,0.485772433,0.217115256,0.48480237,0.409485152,0.469110203,0.264366187,0.270201904
0.524175449,0.487573452,0.542074029,0.196442778,0.521969038,0.249465116,0.485772433,0.217115256,0.48480237,0.409485152,0.469110203,0.264366187,0.512553737,0.270201904,0.395546415
0.542074029,0.196442778,0.521969038,0.249465116,0.485772433,0.217115256,0.48480237,0.409485152,0.469110203,0.264366187,0.512553737,0.270201904,0.111214666,0.395546415,0.35137844
0.521969038,0.249465116,0.485772433,0.217115256,0.48480237,0.409485152,0.469110203,0.264366187,0.512553737,0.270201904,0.111214666,0.395546415,0.139879024,0.35137844,0.556272011
0.485772433,0.217115256,0.48480237,0.409485152,0.469110203,0.264366187,0.512553737,0.270201904,0.111214666,0.395546415,0.139879024,0.35137844,0.107201276,0.556272011,0.468171247
0.48480237,0.409485152,0.469110203,0.264366187,0.512553737,0.270201904,0.111214666,0.395546415,0.139879024,0.35137844,0.107201276,0.556272011,0.149693761,0.468171247,0.317689919
0.469110203,0.264366187,0.512553737,0.270201904,0.111214666,0.395546415,0.139879024,0.35137844,0.107201276,0.556272011,0.149693761,0.468171247,0.289097267,0.317689919,0.531768354
0.512553737,0.270201904,0.111214666,0.395546415,0.139879024,0.35137844,0.107201276,0.556272011,0.149693761,0.468171247,0.289097267,0.317689919,0.328831736,0.531768354,0.618114978
0.111214666,0.395546415,0.139879024,0.35137844,0.107201276,0.556272011,0.149693761,0.468171247,0.289097267,0.317689919,0.328831736,0.531768354,0.250180692,0.618114978,0.305665779
0.139879024,0.35137844,0.107201276,0.556272011,0.149693761,0.468171247,0.289097267,0.317689919,0.328831736,0.531768354,0.250180692,0.618114978,0.141686002,0.305665779,0.762802613
0.107201276,0.556272011,0.149693761,0.468171247,0.289097267,0.317689919,0.328831736,0.531768354,0.250180692,0.618114978,0.141686002,0.305665779,0,0.762802613,0.433261893
0.149693761,0.468171247,0.289097267,0.317689919,0.328831736,0.531768354,0.250180692,0.618114978,0.141686002,0.305665779,0,0.762802613,0.030680566,0.433261893,0.445348524
0.289097267,0.317689919,0.328831736,0.531768354,0.250180692,0.618114978,0.141686002,0.305665779,0,0.762802613,0.030680566,0.433261893,0.263171906,0.445348524,0.266243178
0.328831736,0.531768354,0.250180692,0.618114978,0.141686002,0.305665779,0,0.762802613,0.030680566,0.433261893,0.263171906,0.445348524,0.344980401,0.266243178,0.157450552
0.250180692,0.618114978,0.141686002,0.305665779,0,0.762802613,0.030680566,0.433261893,0.263171906,0.445348524,0.344980401,0.266243178,0.310134282,0.157450552,0
0.141686002,0.305665779,0,0.762802613,0.030680566,0.433261893,0.263171906,0.445348524,0.344980401,0.266243178,0.310134282,0.157450552,0.354738085,0,0.19424319
0,0.762802613,0.030680566,0.433261893,0.263171906,0.445348524,0.344980401,0.266243178,0.310134282,0.157450552,0.354738085,0,0.415433485,0.19424319,0.31798943
0.030680566,0.433261893,0.263171906,0.445348524,0.344980401,0.266243178,0.310134282,0.157450552,0.354738085,0,0.415433485,0.19424319,0.3736828,0.31798943,0.160611911
0.263171906,0.445348524,0.344980401,0.266243178,0.310134282,0.157450552,0.354738085,0,0.415433485,0.19424319,0.3736828,0.31798943,0.436926995,0.160611911,0.380188235
0.344980401,0.266243178,0.310134282,0.157450552,0.354738085,0,0.415433485,0.19424319,0.3736828,0.31798943,0.436926995,0.160611911,0.490280368,0.380188235,0.585036231
0.310134282,0.157450552,0.354738085,0,0.415433485,0.19424319,0.3736828,0.31798943,0.436926995,0.160611911,0.490280368,0.380188235,0.480769958,0.585036231,0.699200264
0.354738085,0,0.415433485,0.19424319,0.3736828,0.31798943,0.436926995,0.160611911,0.490280368,0.380188235,0.480769958,0.585036231,0.281603067,0.699200264,0.239708853
0.415433485,0.19424319,0.3736828,0.31798943,0.436926995,0.160611911,0.490280368,0.380188235,0.480769958,0.585036231,0.281603067,0.699200264,0.215486738,0.239708853,0.280355615
0.3736828,0.31798943,0.436926995,0.160611911,0.490280368,0.380188235,0.480769958,0.585036231,0.281603067,0.699200264,0.215486738,0.239708853,0.283980671,0.280355615,0.309517669
0.436926995,0.160611911,0.490280368,0.380188235,0.480769958,0.585036231,0.281603067,0.699200264,0.215486738,0.239708853,0.283980671,0.280355615,0.162799098,0.309517669,0.143977713
0.490280368,0.380188235,0.480769958,0.585036231,0.281603067,0.699200264,0.215486738,0.239708853,0.283980671,0.280355615,0.162799098,0.309517669,0.08093354,0.143977713,0.320724903
0.480769958,0.585036231,0.281603067,0.699200264,0.215486738,0.239708853,0.283980671,0.280355615,0.162799098,0.309517669,0.08093354,0.143977713,0.115912804,0.320724903,0.218237868
0.281603067,0.699200264,0.215486738,0.239708853,0.283980671,0.280355615,0.162799098,0.309517669,0.08093354,0.143977713,0.115912804,0.320724903,0.237722062,0.218237868,0.352505309
0.215486738,0.239708853,0.283980671,0.280355615,0.162799098,0.309517669,0.08093354,0.143977713,0.115912804,0.320724903,0.237722062,0.218237868,0.232871756,0.352505309,0.206992291
0.283980671,0.280355615,0.162799098,0.309517669,0.08093354,0.143977713,0.115912804,0.320724903,0.237722062,0.218237868,0.232871756,0.352505309,0.229371934,0.206992291,0.29991834
0.162799098,0.309517669,0.08093354,0.143977713,0.115912804,0.320724903,0.237722062,0.218237868,0.232871756,0.352505309,0.229371934,0.206992291,0.126716625,0.29991834,0.399279368
0.08093354,0.143977713,0.115912804,0.320724903,0.237722062,0.218237868,0.232871756,0.352505309,0.229371934,0.206992291,0.126716625,0.29991834,0.086906073,0.399279368,0.443373615
0.115912804,0.320724903,0.237722062,0.218237868,0.232871756,0.352505309,0.229371934,0.206992291,0.126716625,0.29991834,0.086906073,0.399279368,0.153307715,0.443373615,0.367334929
0.237722062,0.218237868,0.232871756,0.352505309,0.229371934,0.206992291,0.126716625,0.29991834,0.086906073,0.399279368,0.153307715,0.443373615,0.223893937,0.367334929,0.149801028
0.232871756,0.352505309,0.229371934,0.206992291,0.126716625,0.29991834,0.086906073,0.399279368,0.153307715,0.443373615,0.223893937,0.367334929,0.370354167,0.149801028,0.335741729
0.229371934,0.206992291,0.126716625,0.29991834,0.086906073,0.399279368,0.153307715,0.443373615,0.223893937,0.367334929,0.370354167,0.149801028,0.446475445,0.335741729,0.369393345
0.126716625,0.29991834,0.086906073,0.399279368,0.153307715,0.443373615,0.223893937,0.367334929,0.370354167,0.149801028,0.446475445,0.335741729,0.491973216,0.369393345,0.428450277
0.086906073,0.399279368,0.153307715,0.443373615,0.223893937,0.367334929,0.370354167,0.149801028,0.446475445,0.335741729,0.491973216,0.369393345,0.269924292,0.428450277,0.378701658
0.153307715,0.443373615,0.223893937,0.367334929,0.370354167,0.149801028,0.446475445,0.335741729,0.491973216,0.369393345,0.269924292,0.428450277,0.147373223,0.378701658,0.268301781
0.223893937,0.367334929,0.370354167,0.149801028,0.446475445,0.335741729,0.491973216,0.369393345,0.269924292,0.428450277,0.147373223,0.378701658,0.237265562,0.268301781,0.207413497
0.370354167,0.149801028,0.446475445,0.335741729,0.491973216,0.369393345,0.269924292,0.428450277,0.147373223,0.378701658,0.237265562,0.268301781,0.298208235,0.207413497,0.318459474
0.446475445,0.335741729,0.491973216,0.369393345,0.269924292,0.428450277,0.147373223,0.378701658,0.237265562,0.268301781,0.298208235,0.207413497,0.25929166,0.318459474,0.375240592
0.491973216,0.369393345,0.269924292,0.428450277,0.147373223,0.378701658,0.237265562,0.268301781,0.298208235,0.207413497,0.25929166,0.318459474,0.065602768,0.375240592,0.281357736
0.269924292,0.428450277,0.147373223,0.378701658,0.237265562,0.268301781,0.298208235,0.207413497,0.25929166,0.318459474,0.065602768,0.375240592,0.159413396,0.281357736,0.077047569
0.147373223,0.378701658,0.237265562,0.268301781,0.298208235,0.207413497,0.25929166,0.318459474,0.065602768,0.375240592,0.159413396,0.281357736,0.203237337,0.077047569,0.162756187
0.237265562,0.268301781,0.298208235,0.207413497,0.25929166,0.318459474,0.065602768,0.375240592,0.159413396,0.281357736,0.203237337,0.077047569,0.233727691,0.162756187,0.354134055
0.298208235,0.207413497,0.25929166,0.318459474,0.065602768,0.375240592,0.159413396,0.281357736,0.203237337,0.077047569,0.233727691,0.162756187,0.331760941,0.354134055,0.130764713
0.25929166,0.318459474,0.065602768,0.375240592,0.159413396,0.281357736,0.203237337,0.077047569,0.233727691,0.162756187,0.331760941,0.354134055,0.345817319,0.130764713,0.184231638
0.065602768,0.375240592,0.159413396,0.281357736,0.203237337,0.077047569,0.233727691,0.162756187,0.331760941,0.354134055,0.345817319,0.130764713,0.348803588,0.184231638,0.207321292
0.159413396,0.281357736,0.203237337,0.077047569,0.233727691,0.162756187,0.331760941,0.354134055,0.345817319,0.130764713,0.348803588,0.184231638,0.373093158,0.207321292,0.212043574
0.203237337,0.077047569,0.233727691,0.162756187,0.331760941,0.354134055,0.345817319,0.130764713,0.348803588,0.184231638,0.373093158,0.207321292,0.363164297,0.212043574,0.298056013
0.233727691,0.162756187,0.331760941,0.354134055,0.345817319,0.130764713,0.348803588,0.184231638,0.373093158,0.207321292,0.363164297,0.212043574,0.388271764,0.298056013,0.460676792
0.331760941,0.354134055,0.345817319,0.130764713,0.348803588,0.184231638,0.373093158,0.207321292,0.363164297,0.212043574,0.388271764,0.298056013,0.47533001,0.460676792,0.184399846
0.345817319,0.130764713,0.348803588,0.184231638,0.373093158,0.207321292,0.363164297,0.212043574,0.388271764,0.298056013,0.47533001,0.460676792,0.563700686,0.184399846,0.315305747
0.348803588,0.184231638,0.373093158,0.207321292,0.363164297,0.212043574,0.388271764,0.298056013,0.47533001,0.460676792,0.563700686,0.184399846,0.632594069,0.315305747,0.27214522
0.373093158,0.207321292,0.363164297,0.212043574,0.388271764,0.298056013,0.47533001,0.460676792,0.563700686,0.184399846,0.632594069,0.315305747,0.572602426,0.27214522,0.361695568
0.363164297,0.212043574,0.388271764,0.298056013,0.47533001,0.460676792,0.563700686,0.184399846,0.632594069,0.315305747,0.572602426,0.27214522,0.402461293,0.361695568,0.12163526
0.388271764,0.298056013,0.47533001,0.460676792,0.563700686,0.184399846,0.632594069,0.315305747,0.572602426,0.27214522,0.402461293,0.361695568,0.437744893,0.12163526,0.467304709
0.47533001,0.460676792,0.563700686,0.184399846,0.632594069,0.315305747,0.572602426,0.27214522,0.402461293,0.361695568,0.437744893,0.12163526,0.418514853,0.467304709,0.160739541
0.563700686,0.184399846,0.632594069,0.315305747,0.572602426,0.27214522,0.402461293,0.361695568,0.437744893,0.12163526,0.418514853,0.467304709,0.366321752,0.160739541,0.064585232
0.632594069,0.315305747,0.572602426,0.27214522,0.402461293,0.361695568,0.437744893,0.12163526,0.418514853,0.467304709,0.366321752,0.160739541,0.387339748,0.064585232,0.0688472
0.572602426,0.27214522,0.402461293,0.361695568,0.437744893,0.12163526,0.418514853,0.467304709,0.366321752,0.160739541,0.387339748,0.064585232,0.410259821,0.0688472,0.232473548
0.402461293,0.361695568,0.437744893,0.12163526,0.418514853,0.467304709,0.366321752,0.160739541,0.387339748,0.064585232,0.410259821,0.0688472,0.430707191,0.232473548,0.175082978
0.437744893,0.12163526,0.418514853,0.467304709,0.366321752,0.160739541,0.387339748,0.064585232,0.410259821,0.0688472,0.430707191,0.232473548,0.50395633,0.175082978,0.528516771
0.418514853,0.467304709,0.366321752,0.160739541,0.387339748,0.064585232,0.410259821,0.0688472,0.430707191,0.232473548,0.50395633,0.175082978,0.498040854,0.528516771,0.431704335
0.366321752,0.160739541,0.387339748,0.064585232,0.410259821,0.0688472,0.430707191,0.232473548,0.50395633,0.175082978,0.498040854,0.528516771,0.540381181,0.431704335,0.168345802
0.387339748,0.064585232,0.410259821,0.0688472,0.430707191,0.232473548,0.50395633,0.175082978,0.498040854,0.528516771,0.540381181,0.431704335,0.544965185,0.168345802,0.208592823
0.410259821,0.0688472,0.430707191,0.232473548,0.50395633,0.175082978,0.498040854,0.528516771,0.540381181,0.431704335,0.544965185,0.168345802,0.448130254,0.208592823,0.284253178
0.430707191,0.232473548,0.50395633,0.175082978,0.498040854,0.528516771,0.540381181,0.431704335,0.544965185,0.168345802,0.448130254,0.208592823,0.440731155,0.284253178,0.443642562
0.50395633,0.175082978,0.498040854,0.528516771,0.540381181,0.431704335,0.544965185,0.168345802,0.448130254,0.208592823,0.440731155,0.284253178,0.439685008,0.443642562,0.644258206
0.498040854,0.528516771,0.540381181,0.431704335,0.544965185,0.168345802,0.448130254,0.208592823,0.440731155,0.284253178,0.439685008,0.443642562,0.501293417,0.644258206,0.451357262
0.540381181,0.431704335,0.544965185,0.168345802,0.448130254,0.208592823,0.440731155,0.284253178,0.439685008,0.443642562,0.501293417,0.644258206,0.485829497,0.451357262,0.634917707
0.544965185,0.168345802,0.448130254,0.208592823,0.440731155,0.284253178,0.439685008,0.443642562,0.501293417,0.644258206,0.485829497,0.451357262,0.481740021,0.634917707,0.608952306
0.448130254,0.208592823,0.440731155,0.284253178,0.439685008,0.443642562,0.501293417,0.644258206,0.485829497,0.451357262,0.481740021,0.634917707,0.352170265,0.608952306,0.073386834
0.440731155,0.284253178,0.439685008,0.443642562,0.501293417,0.644258206,0.485829497,0.451357262,0.481740021,0.634917707,0.352170265,0.608952306,0.36966942,0.073386834,0.184121585
0.439685008,0.443642562,0.501293417,0.644258206,0.485829497,0.451357262,0.481740021,0.634917707,0.352170265,0.608952306,0.36966942,0.073386834,0.437022105,0.184121585,0.443389244
0.501293417,0.644258206,0.485829497,0.451357262,0.481740021,0.634917707,0.352170265,0.608952306,0.36966942,0.073386834,0.437022105,0.184121585,0.508045798,0.443389244,0.22099754
0.485829497,0.451357262,0.481740021,0.634917707,0.352170265,0.608952306,0.36966942,0.073386834,0.437022105,0.184121585,0.508045798,0.443389244,0.596739837,0.22099754,0.224740684
0.481740021,0.634917707,0.352170265,0.608952306,0.36966942,0.073386834,0.437022105,0.184121585,0.508045798,0.443389244,0.596739837,0.22099754,0.53804162,0.224740684,0.111376734
0.352170265,0.608952306,0.36966942,0.073386834,0.437022105,0.184121585,0.508045798,0.443389244,0.596739837,0.22099754,0.53804162,0.224740684,0.459828052,0.111376734,0.196619266
0.36966942,0.073386834,0.437022105,0.184121585,0.508045798,0.443389244,0.596739837,0.22099754,0.53804162,0.224740684,0.459828052,0.111376734,0.468235259,0.196619266,0.163697354
0.437022105,0.184121585,0.508045798,0.443389244,0.596739837,0.22099754,0.53804162,0.224740684,0.459828052,0.111376734,0.468235259,0.196619266,0.487160951,0.163697354,0.394987551
0.508045798,0.443389244,0.596739837,0.22099754,0.53804162,0.224740684,0.459828052,0.111376734,0.468235259,0.196619266,0.487160951,0.163697354,0.549492142,0.394987551,0.474795193
0.596739837,0.22099754,0.53804162,0.224740684,0.459828052,0.111376734,0.468235259,0.196619266,0.487160951,0.163697354,0.549492142,0.394987551,0.56868414,0.474795193,0.429209727
0.53804162,0.224740684,0.459828052,0.111376734,0.468235259,0.196619266,0.487160951,0.163697354,0.549492142,0.394987551,0.56868414,0.474795193,0.46549625,0.429209727,0.2303943
0.459828052,0.111376734,0.468235259,0.196619266,0.487160951,0.163697354,0.549492142,0.394987551,0.56868414,0.474795193,0.46549625,0.429209727,0.547609085,0.2303943,0.234521753
0.468235259,0.196619266,0.487160951,0.163697354,0.549492142,0.394987551,0.56868414,0.474795193,0.46549625,0.429209727,0.547609085,0.2303943,0.445904817,0.234521753,0.181940009
0.487160951,0.163697354,0.549492142,0.394987551,0.56868414,0.474795193,0.46549625,0.429209727,0.547609085,0.2303943,0.445904817,0.234521753,0.470974244,0.181940009,0.148545896
0.549492142,0.394987551,0.56868414,0.474795193,0.46549625,0.429209727,0.547609085,0.2303943,0.445904817,0.234521753,0.470974244,0.181940009,0.483680147,0.148545896,0.208532614
0.56868414,0.474795193,0.46549625,0.429209727,0.547609085,0.2303943,0.445904817,0.234521753,0.470974244,0.181940009,0.483680147,0.148545896,0.454464183,0.208532614,0.272227023
0.46549625,0.429209727,0.547609085,0.2303943,0.445904817,0.234521753,0.470974244,0.181940009,0.483680147,0.148545896,0.454464183,0.208532614,0.409708211,0.272227023,0.177229519
0.547609085,0.2303943,0.445904817,0.234521753,0.470974244,0.181940009,0.483680147,0.148545896,0.454464183,0.208532614,0.409708211,0.272227023,0.358789509,0.177229519,0.246487817
0.445904817,0.234521753,0.470974244,0.181940009,0.483680147,0.148545896,0.454464183,0.208532614,0.409708211,0.272227023,0.358789509,0.177229519,0.349012812,0.246487817,0.310519269
0.470974244,0.181940009,0.483680147,0.148545896,0.454464183,0.208532614,0.409708211,0.272227023,0.358789509,0.177229519,0.349012812,0.246487817,0.393388361,0.310519269,0.189525823
0.483680147,0.148545896,0.454464183,0.208532614,0.409708211,0.272227023,0.358789509,0.177229519,0.349012812,0.246487817,0.393388361,0.310519269,0.460683986,0.189525823,0.185058289
0.454464183,0.208532614,0.409708211,0.272227023,0.358789509,0.177229519,0.349012812,0.246487817,0.393388361,0.310519269,0.460683986,0.189525823,0.474074642,0.185058289,0.100418723
0.409708211,0.272227023,0.358789509,0.177229519,0.349012812,0.246487817,0.393388361,0.310519269,0.460683986,0.189525823,0.474074642,0.185058289,0.524822156,0.100418723,0.163660557
0.358789509,0.177229519,0.349012812,0.246487817,0.393388361,0.310519269,0.460683986,0.189525823,0.474074642,0.185058289,0.524822156,0.100418723,0.531003915,0.163660557,0.363623025
0.349012812,0.246487817,0.393388361,0.310519269,0.460683986,0.189525823,0.474074642,0.185058289,0.524822156,0.100418723,0.531003915,0.163660557,0.589549964,0.363623025,0.37154455
0.393388361,0.310519269,0.460683986,0.189525823,0.474074642,0.185058289,0.524822156,0.100418723,0.531003915,0.163660557,0.589549964,0.363623025,0.565393542,0.37154455,0.133872743
0.460683986,0.189525823,0.474074642,0.185058289,0.524822156,0.100418723,0.531003915,0.163660557,0.589549964,0.363623025,0.565393542,0.37154455,0.543842961,0.133872743,0.064964818
0.474074642,0.185058289,0.524822156,0.100418723,0.531003915,0.163660557,0.589549964,0.363623025,0.565393542,0.37154455,0.543842961,0.133872743,0.50001902,0.064964818,0.109301235
0.524822156,0.100418723,0.531003915,0.163660557,0.589549964,0.363623025,0.565393542,0.37154455,0.543842961,0.133872743,0.50001902,0.064964818,0.487046829,0.109301235,0.164419781
0.531003915,0.163660557,0.589549964,0.363623025,0.565393542,0.37154455,0.543842961,0.133872743,0.50001902,0.064964818,0.487046829,0.109301235,0.506200785,0.164419781,0.175892159
0.589549964,0.363623025,0.565393542,0.37154455,0.543842961,0.133872743,0.50001902,0.064964818,0.487046829,0.109301235,0.506200785,0.164419781,0.547609081,0.175892159,0.20530914
0.565393542,0.37154455,0.543842961,0.133872743,0.50001902,0.064964818,0.487046829,0.109301235,0.506200785,0.164419781,0.547609081,0.175892159,0.483204623,0.20530914,0.099975857
0.543842961,0.133872743,0.50001902,0.064964818,0.487046829,0.109301235,0.506200785,0.164419781,0.547609081,0.175892159,0.483204623,0.20530914,0.467246167,0.099975857,0.345608577
0.50001902,0.064964818,0.487046829,0.109301235,0.506200785,0.164419781,0.547609081,0.175892159,0.483204623,0.20530914,0.467246167,0.099975857,0.507456161,0.345608577,0.284693136
0.487046829,0.109301235,0.506200785,0.164419781,0.547609081,0.175892159,0.483204623,0.20530914,0.467246167,0.099975857,0.507456161,0.345608577,0.52969148,0.284693136,0.096742154
0.506200785,0.164419781,0.547609081,0.175892159,0.483204623,0.20530914,0.467246167,0.099975857,0.507456161,0.345608577,0.52969148,0.284693136,0.553334347,0.096742154,0.146300392
0.547609081,0.175892159,0.483204623,0.20530914,0.467246167,0.099975857,0.507456161,0.345608577,0.52969148,0.284693136,0.553334347,0.096742154,0.56470879,0.146300392,0.233311023
0.483204623,0.20530914,0.467246167,0.099975857,0.507456161,0.345608577,0.52969148,0.284693136,0.553334347,0.096742154,0.56470879,0.146300392,0.531517474,0.233311023,0.123806888
0.467246167,0.099975857,0.507456161,0.345608577,0.52969148,0.284693136,0.553334347,0.096742154,0.56470879,0.146300392,0.531517474,0.233311023,0.574371371,0.123806888,0.133586257
0.507456161,0.345608577,0.52969148,0.284693136,0.553334347,0.096742154,0.56470879,0.146300392,0.531517474,0.233311023,0.574371371,0.123806888,0.595902923,0.133586257,0.1716825
0.52969148,0.284693136,0.553334347,0.096742154,0.56470879,0.146300392,0.531517474,0.233311023,0.574371371,0.123806888,0.595902923,0.133586257,0.510214178,0.1716825,0.165028977
0.553334347,0.096742154,0.56470879,0.146300392,0.531517474,0.233311023,0.574371371,0.123806888,0.595902923,0.133586257,0.510214178,0.1716825,0.377525006,0.165028977,0.051422223
0.56470879,0.146300392,0.531517474,0.233311023,0.574371371,0.123806888,0.595902923,0.133586257,0.510214178,0.1716825,0.377525006,0.165028977,0.360539429,0.051422223,0.107093013
0.531517474,0.233311023,0.574371371,0.123806888,0.595902923,0.133586257,0.510214178,0.1716825,0.377525006,0.165028977,0.360539429,0.051422223,0.378076613,0.107093013,0.178702543
0.574371371,0.123806888,0.595902923,0.133586257,0.510214178,0.1716825,0.377525006,0.165028977,0.360539429,0.051422223,0.378076613,0.107093013,0.480674862,0.178702543,0.3226387
0.595902923,0.133586257,0.510214178,0.1716825,0.377525006,0.165028977,0.360539429,0.051422223,0.378076613,0.107093013,0.480674862,0.178702543,0.620858227,0.3226387,0.321405456
0.510214178,0.1716825,0.377525006,0.165028977,0.360539429,0.051422223,0.378076613,0.107093013,0.480674862,0.178702543,0.620858227,0.3226387,0.576977214,0.321405456,0.637146606
0.377525006,0.165028977,0.360539429,0.051422223,0.378076613,0.107093013,0.480674862,0.178702543,0.620858227,0.3226387,0.576977214,0.321405456,0.573705641,0.637146606,0.428719288
0.360539429,0.051422223,0.378076613,0.107093013,0.480674862,0.178702543,0.620858227,0.3226387,0.576977214,0.321405456,0.573705641,0.637146606,0.503119404,0.428719288,0.216594024
0.378076613,0.107093013,0.480674862,0.178702543,0.620858227,0.3226387,0.576977214,0.321405456,0.573705641,0.637146606,0.503119404,0.428719288,0.487351156,0.216594024,0.118183764
0.480674862,0.178702543,0.620858227,0.3226387,0.576977214,0.321405456,0.573705641,0.637146606,0.503119404,0.428719288,0.487351156,0.216594024,0.473846384,0.118183764,0.113869566
0.620858227,0.3226387,0.576977214,0.321405456,0.573705641,0.637146606,0.503119404,0.428719288,0.487351156,0.216594024,0.473846384,0.118183764,0.515958462,0.113869566,0.437854698
0.576977214,0.321405456,0.573705641,0.637146606,0.503119404,0.428719288,0.487351156,0.216594024,0.473846384,0.118183764,0.515958462,0.113869566,0.559668274,0.437854698,0.211274913
0.573705641,0.637146606,0.503119404,0.428719288,0.487351156,0.216594024,0.473846384,0.118183764,0.515958462,0.113869566,0.559668274,0.437854698,0.533780954,0.211274913,0.108854841
0.503119404,0.428719288,0.487351156,0.216594024,0.473846384,0.118183764,0.515958462,0.113869566,0.559668274,0.437854698,0.533780954,0.211274913,0.563015935,0.108854841,0.203015016
0.487351156,0.216594024,0.473846384,0.118183764,0.515958462,0.113869566,0.559668274,0.437854698,0.533780954,0.211274913,0.563015935,0.108854841,0.535169477,0.203015016,0.085219451
0.473846384,0.118183764,0.515958462,0.113869566,0.559668274,0.437854698,0.533780954,0.211274913,0.563015935,0.108854841,0.535169477,0.203015016,0.493209568,0.085219451,0.058325589
0.515958462,0.113869566,0.559668274,0.437854698,0.533780954,0.211274913,0.563015935,0.108854841,0.535169477,0.203015016,0.493209568,0.085219451,0.44316582,0.058325589,0.056105563
0.559668274,0.437854698,0.533780954,0.211274913,0.563015935,0.108854841,0.535169477,0.203015016,0.493209568,0.085219451,0.44316582,0.058325589,0.492638949,0.056105563,0.122847423
0.533780954,0.211274913,0.563015935,0.108854841,0.535169477,0.203015016,0.493209568,0.085219451,0.44316582,0.058325589,0.492638949,0.056105563,0.491402596,0.122847423,0.283136354
0.563015935,0.108854841,0.535169477,0.203015016,0.493209568,0.085219451,0.44316582,0.058325589,0.492638949,0.056105563,0.491402596,0.122847423,0.503575911,0.283136354,0.081062903
0.535169477,0.203015016,0.493209568,0.085219451,0.44316582,0.058325589,0.492638949,0.056105563,0.491402596,0.122847423,0.503575911,0.283136354,0.507399091,0.081062903,0.397695975
0.493209568,0.085219451,0.44316582,0.058325589,0.492638949,0.056105563,0.491402596,0.122847423,0.503575911,0.283136354,0.507399091,0.081062903,0.583273108,0.397695975,0.516080411
0.44316582,0.058325589,0.492638949,0.056105563,0.491402596,0.122847423,0.503575911,0.283136354,0.507399091,0.081062903,0.583273108,0.397695975,0.508901736,0.516080411,0.41717775
0.492638949,0.056105563,0.491402596,0.122847423,0.503575911,0.283136354,0.507399091,0.081062903,0.583273108,0.397695975,0.508901736,0.516080411,0.492258528,0.41717775,0.417137174
0.491402596,0.122847423,0.503575911,0.283136354,0.507399091,0.081062903,0.583273108,0.397695975,0.508901736,0.516080411,0.492258528,0.41717775,0.421101679,0.417137174,0.465479543
0.503575911,0.283136354,0.507399091,0.081062903,0.583273108,0.397695975,0.508901736,0.516080411,0.492258528,0.41717775,0.421101679,0.417137174,0.350610568,0.465479543,0.136206616
0.507399091,0.081062903,0.583273108,0.397695975,0.508901736,0.516080411,0.492258528,0.41717775,0.421101679,0.417137174,0.350610568,0.465479543,0.42667478,0.136206616,0.12898765
0.583273108,0.397695975,0.508901736,0.516080411,0.492258528,0.41717775,0.421101679,0.417137174,0.350610568,0.465479543,0.42667478,0.136206616,0.298664737,0.12898765,0.347001324
0.508901736,0.516080411,0.492258528,0.41717775,0.421101679,0.417137174,0.350610568,0.465479543,0.42667478,0.136206616,0.298664737,0.12898765,0.3552136,0.347001324,0.520988629
0.492258528,0.41717775,0.421101679,0.417137174,0.350610568,0.465479543,0.42667478,0.136206616,0.298664737,0.12898765,0.3552136,0.347001324,0.321318515,0.520988629,0.412244722
0.421101679,0.417137174,0.350610568,0.465479543,0.42667478,0.136206616,0.298664737,0.12898765,0.3552136,0.347001324,0.321318515,0.520988629,0.078004335,0.412244722,0.286140477
0.350610568,0.465479543,0.42667478,0.136206616,0.298664737,0.12898765,0.3552136,0.347001324,0.321318515,0.520988629,0.078004335,0.412244722,0.111918434,0.286140477,0.113213058
0.42667478,0.136206616,0.298664737,0.12898765,0.3552136,0.347001324,0.321318515,0.520988629,0.078004335,0.412244722,0.111918434,0.286140477,0.221687521,0.113213058,0.122283541
0.298664737,0.12898765,0.3552136,0.347001324,0.321318515,0.520988629,0.078004335,0.412244722,0.111918434,0.286140477,0.221687521,0.113213058,0.282953547,0.122283541,0.147450657
0.3552136,0.347001324,0.321318515,0.520988629,0.078004335,0.412244722,0.111918434,0.286140477,0.221687521,0.113213058,0.282953547,0.122283541,0.313843348,0.147450657,0.14524376
0.321318515,0.520988629,0.078004335,0.412244722,0.111918434,0.286140477,0.221687521,0.113213058,0.282953547,0.122283541,0.313843348,0.147450657,0.359569367,0.14524376,0.168283035
0.078004335,0.412244722,0.111918434,0.286140477,0.221687521,0.113213058,0.282953547,0.122283541,0.313843348,0.147450657,0.359569367,0.14524376,0.36480009,0.168283035,0.087269006
0.111918434,0.286140477,0.221687521,0.113213058,0.282953547,0.122283541,0.313843348,0.147450657,0.359569367,0.14524376,0.36480009,0.168283035,0.393597591,0.087269006,0.070954151
0.221687521,0.113213058,0.282953547,0.122283541,0.313843348,0.147450657,0.359569367,0.14524376,0.36480009,0.168283035,0.393597591,0.087269006,0.432856546,0.070954151,0.129326475
0.282953547,0.122283541,0.313843348,0.147450657,0.359569367,0.14524376,0.36480009,0.168283035,0.393597591,0.087269006,0.432856546,0.070954151,0.434168976,0.129326475,0.290689115
0.313843348,0.147450657,0.359569367,0.14524376,0.36480009,0.168283035,0.393597591,0.087269006,0.432856546,0.070954151,0.434168976,0.129326475,0.49682352,0.290689115,0.289347801
0.359569367,0.14524376,0.36480009,0.168283035,0.393597591,0.087269006,0.432856546,0.070954151,0.434168976,0.129326475,0.49682352,0.290689115,0.557823259,0.289347801,0.17936161
0.36480009,0.168283035,0.393597591,0.087269006,0.432856546,0.070954151,0.434168976,0.129326475,0.49682352,0.290689115,0.557823259,0.289347801,0.575265342,0.17936161,0.167612996
0.393597591,0.087269006,0.432856546,0.070954151,0.434168976,0.129326475,0.49682352,0.290689115,0.557823259,0.289347801,0.575265342,0.17936161,0.628143191,0.167612996,0.220914951
0.432856546,0.070954151,0.434168976,0.129326475,0.49682352,0.290689115,0.557823259,0.289347801,0.575265342,0.17936161,0.628143191,0.167612996,0.574865901,0.220914951,0.24913952
0.434168976,0.129326475,0.49682352,0.290689115,0.557823259,0.289347801,0.575265342,0.17936161,0.628143191,0.167612996,0.574865901,0.220914951,0.552744705,0.24913952,0.231023494
0.49682352,0.290689115,0.557823259,0.289347801,0.575265342,0.17936161,0.628143191,0.167612996,0.574865901,0.220914951,0.552744705,0.24913952,0.476490278,0.231023494,0.192414373
0.557823259,0.289347801,0.575265342,0.17936161,0.628143191,0.167612996,0.574865901,0.220914951,0.552744705,0.24913952,0.476490278,0.231023494,0.407254531,0.192414373,0.260470915
0.575265342,0.17936161,0.628143191,0.167612996,0.574865901,0.220914951,0.552744705,0.24913952,0.476490278,0.231023494,0.407254531,0.192414373,0.424905842,0.260470915,0.366018525
0.628143191,0.167612996,0.574865901,0.220914951,0.552744705,0.24913952,0.476490278,0.231023494,0.407254531,0.192414373,0.424905842,0.260470915,0.350591538,0.366018525,0.349536395
0.574865901,0.220914951,0.552744705,0.24913952,0.476490278,0.231023494,0.407254531,0.192414373,0.424905842,0.260470915,0.350591538,0.366018525,0.261574155,0.349536395,0.306078143
0.552744705,0.24913952,0.476490278,0.231023494,0.407254531,0.192414373,0.424905842,0.260470915,0.350591538,0.366018525,0.261574155,0.349536395,0.318237149,0.306078143,0.361774034
0.476490278,0.231023494,0.407254531,0.192414373,0.424905842,0.260470915,0.350591538,0.366018525,0.261574155,0.349536395,0.318237149,0.306078143,0.41902841,0.361774034,0.267765406
0.407254531,0.192414373,0.424905842,0.260470915,0.350591538,0.366018525,0.261574155,0.349536395,0.318237149,0.306078143,0.41902841,0.361774034,0.525640047,0.267765406,0.150503826
0.424905842,0.260470915,0.350591538,0.366018525,0.261574155,0.349536395,0.318237149,0.306078143,0.41902841,0.361774034,0.525640047,0.267765406,0.554133225,0.150503826,0.101810651
0.350591538,0.366018525,0.261574155,0.349536395,0.318237149,0.306078143,0.41902841,0.361774034,0.525640047,0.267765406,0.554133225,0.150503826,0.332502756,0.101810651,0.252895509
0.261574155,0.349536395,0.318237149,0.306078143,0.41902841,0.361774034,0.525640047,0.267765406,0.554133225,0.150503826,0.332502756,0.101810651,0.427663861,0.252895509,0.223982916
0.318237149,0.306078143,0.41902841,0.361774034,0.525640047,0.267765406,0.554133225,0.150503826,0.332502756,0.101810651,0.427663861,0.252895509,0.488663595,0.223982916,0.304116833
0.41902841,0.361774034,0.525640047,0.267765406,0.554133225,0.150503826,0.332502756,0.101810651,0.427663861,0.252895509,0.488663595,0.223982916,0.510803816,0.304116833,0.37214414
0.525640047,0.267765406,0.554133225,0.150503826,0.332502756,0.101810651,0.427663861,0.252895509,0.488663595,0.223982916,0.510803816,0.304116833,0.575493592,0.37214414,0.300993957
0.554133225,0.150503826,0.332502756,0.101810651,0.427663861,0.252895509,0.488663595,0.223982916,0.510803816,0.304116833,0.575493592,0.37214414,0.627020966,0.300993957,0.400441473
0.332502756,0.101810651,0.427663861,0.252895509,0.488663595,0.223982916,0.510803816,0.304116833,0.575493592,0.37214414,0.627020966,0.300993957,0.528721417,0.400441473,0.273380041
0.427663861,0.252895509,0.488663595,0.223982916,0.510803816,0.304116833,0.575493592,0.37214414,0.627020966,0.300993957,0.528721417,0.400441473,0.436546578,0.273380041,0.540269698
0.488663595,0.223982916,0.510803816,0.304116833,0.575493592,0.37214414,0.627020966,0.300993957,0.528721417,0.400441473,0.436546578,0.273380041,0.350724687,0.540269698,0.370902535
0.510803816,0.304116833,0.575493592,0.37214414,0.627020966,0.300993957,0.528721417,0.400441473,0.436546578,0.273380041,0.350724687,0.540269698,0.338608435,0.370902535,0.266054097
0.575493592,0.37214414,0.627020966,0.300993957,0.528721417,0.400441473,0.436546578,0.273380041,0.350724687,0.540269698,0.338608435,0.370902535,0.351923003,0.266054097,0.232728719
0.627020966,0.300993957,0.528721417,0.400441473,0.436546578,0.273380041,0.350724687,0.540269698,0.338608435,0.370902535,0.351923003,0.266054097,0.343782096,0.232728719,0.354379943
0.528721417,0.400441473,0.436546578,0.273380041,0.350724687,0.540269698,0.338608435,0.370902535,0.351923003,0.266054097,0.343782096,0.232728719,0.512667859,0.354379943,0.295607629
0.436546578,0.273380041,0.350724687,0.540269698,0.338608435,0.370902535,0.351923003,0.266054097,0.343782096,0.232728719,0.512667859,0.354379943,0.588846199,0.295607629,0.284607604
0.350724687,0.540269698,0.338608435,0.370902535,0.351923003,0.266054097,0.343782096,0.232728719,0.512667859,0.354379943,0.588846199,0.295607629,0.448681853,0.284607604,0.155342523
0.338608435,0.370902535,0.351923003,0.266054097,0.343782096,0.232728719,0.512667859,0.354379943,0.588846199,0.295607629,0.448681853,0.284607604,0.517404035,0.155342523,0.09070158
0.351923003,0.266054097,0.343782096,0.232728719,0.512667859,0.354379943,0.588846199,0.295607629,0.448681853,0.284607604,0.517404035,0.155342523,0.516034545,0.09070158,0.364262472
0.343782096,0.232728719,0.512667859,0.354379943,0.588846199,0.295607629,0.448681853,0.284607604,0.517404035,0.155342523,0.516034545,0.09070158,0.482405749,0.364262472,0.516897684
0.512667859,0.354379943,0.588846199,0.295607629,0.448681853,0.284607604,0.517404035,0.155342523,0.516034545,0.09070158,0.482405749,0.364262472,0.339692616,0.516897684,0.385508169
0.588846199,0.295607629,0.448681853,0.284607604,0.517404035,0.155342523,0.516034545,0.09070158,0.482405749,0.364262472,0.339692616,0.516897684,0.33896983,0.385508169,0.212726541
0.448681853,0.284607604,0.517404035,0.155342523,0.516034545,0.09070158,0.482405749,0.364262472,0.339692616,0.516897684,0.33896983,0.385508169,0.457146122,0.212726541,0.131029527
0.517404035,0.155342523,0.516034545,0.09070158,0.482405749,0.364262472,0.339692616,0.516897684,0.33896983,0.385508169,0.457146122,0.212726541,0.57111881,0.131029527,0.180682601
0.516034545,0.09070158,0.482405749,0.364262472,0.339692616,0.516897684,0.33896983,0.385508169,0.457146122,0.212726541,0.57111881,0.131029527,0.56868414,0.180682601,0.295453852
0.482405749,0.364262472,0.339692616,0.516897684,0.33896983,0.385508169,0.457146122,0.212726541,0.57111881,0.131029527,0.56868414,0.180682601,0.597709896,0.295453852,0.266259763
0.339692616,0.516897684,0.33896983,0.385508169,0.457146122,0.212726541,0.57111881,0.131029527,0.56868414,0.180682601,0.597709896,0.295453852,0.638014987,0.266259763,0.241129727
0.33896983,0.385508169,0.457146122,0.212726541,0.57111881,0.131029527,0.56868414,0.180682601,0.597709896,0.295453852,0.638014987,0.266259763,0.601818392,0.241129727,0.238144302
0.457146122,0.212726541,0.57111881,0.131029527,0.56868414,0.180682601,0.597709896,0.295453852,0.638014987,0.266259763,0.601818392,0.241129727,0.538460082,0.238144302,0.328563581
0.57111881,0.131029527,0.56868414,0.180682601,0.597709896,0.295453852,0.638014987,0.266259763,0.601818392,0.241129727,0.538460082,0.238144302,0.489957011,0.328563581,0.116874971
0.56868414,0.180682601,0.597709896,0.295453852,0.638014987,0.266259763,0.601818392,0.241129727,0.538460082,0.238144302,0.489957011,0.328563581,0.60845665,0.116874971,0.183402714
0.597709896,0.295453852,0.638014987,0.266259763,0.601818392,0.241129727,0.538460082,0.238144302,0.489957011,0.328563581,0.60845665,0.116874971,0.565127248,0.183402714,0.585411193
0.638014987,0.266259763,0.601818392,0.241129727,0.538460082,0.238144302,0.489957011,0.328563581,0.60845665,0.116874971,0.565127248,0.183402714,0.503005289,0.585411193,0.315345149
0.601818392,0.241129727,0.538460082,0.238144302,0.489957011,0.328563581,0.60845665,0.116874971,0.565127248,0.183402714,0.503005289,0.585411193,0.425647656,0.315345149,0.33207443
0.538460082,0.238144302,0.489957011,0.328563581,0.60845665,0.116874971,0.565127248,0.183402714,0.503005289,0.585411193,0.425647656,0.315345149,0.309316384,0.33207443,0.202659123
0.489957011,0.328563581,0.60845665,0.116874971,0.565127248,0.183402714,0.503005289,0.585411193,0.425647656,0.315345149,0.309316384,0.33207443,0.403012894,0.202659123,0.657731155
0.60845665,0.116874971,0.565127248,0.183402714,0.503005289,0.585411193,0.425647656,0.315345149,0.309316384,0.33207443,0.403012894,0.202659123,0.529900718,0.657731155,0.646063978
0.565127248,0.183402714,0.503005289,0.585411193,0.425647656,0.315345149,0.309316384,0.33207443,0.403012894,0.202659123,0.529900718,0.657731155,0.531213148,0.646063978,0.538902951
0.503005289,0.585411193,0.425647656,0.315345149,0.309316384,0.33207443,0.403012894,0.202659123,0.529900718,0.657731155,0.531213148,0.646063978,0.539125806,0.538902951,0.138550051
0.425647656,0.315345149,0.309316384,0.33207443,0.403012894,0.202659123,0.529900718,0.657731155,0.531213148,0.646063978,0.539125806,0.538902951,0.527085632,0.138550051,0.388440973
0.309316384,0.33207443,0.403012894,0.202659123,0.529900718,0.657731155,0.531213148,0.646063978,0.539125806,0.538902951,0.527085632,0.138550051,0.540019785,0.388440973,0.26982904
0.403012894,0.202659123,0.529900718,0.657731155,0.531213148,0.646063978,0.539125806,0.538902951,0.527085632,0.138550051,0.540019785,0.388440973,0.603206909,0.26982904,0.262711286
0.529900718,0.657731155,0.531213148,0.646063978,0.539125806,0.538902951,0.527085632,0.138550051,0.540019785,0.388440973,0.603206909,0.26982904,0.557081449,0.262711286,0.165943648
0.531213148,0.646063978,0.539125806,0.538902951,0.527085632,0.138550051,0.540019785,0.388440973,0.603206909,0.26982904,0.557081449,0.262711286,0.534674937,0.165943648,0.261883414
0.539125806,0.538902951,0.527085632,0.138550051,0.540019785,0.388440973,0.603206909,0.26982904,0.557081449,0.262711286,0.534674937,0.165943648,0.49385628,0.261883414,0.159236542
0.527085632,0.138550051,0.540019785,0.388440973,0.603206909,0.26982904,0.557081449,0.262711286,0.534674937,0.165943648,0.49385628,0.261883414,0.559972613,0.159236542,0.583581388
0.540019785,0.388440973,0.603206909,0.26982904,0.557081449,0.262711286,0.534674937,0.165943648,0.49385628,0.261883414,0.559972613,0.159236542,0.624281966,0.583581388,0.745091681
0.603206909,0.26982904,0.557081449,0.262711286,0.534674937,0.165943648,0.49385628,0.261883414,0.559972613,0.159236542,0.624281966,0.583581388,0.537870433,0.745091681,0.822530369
0.557081449,0.262711286,0.534674937,0.165943648,0.49385628,0.261883414,0.559972613,0.159236542,0.624281966,0.583581388,0.537870433,0.745091681,0.421501113,0.822530369,0.569925821
0.534674937,0.165943648,0.49385628,0.261883414,0.559972613,0.159236542,0.624281966,0.583581388,0.537870433,0.745091681,0.421501113,0.822530369,0.281165589,0.569925821,0.201903426
0.49385628,0.261883414,0.559972613,0.159236542,0.624281966,0.583581388,0.537870433,0.745091681,0.421501113,0.822530369,0.281165589,0.569925821,0.384182294,0.201903426,0.114458257
0.559972613,0.159236542,0.624281966,0.583581388,0.537870433,0.745091681,0.421501113,0.822530369,0.281165589,0.569925821,0.384182294,0.201903426,0.495758363,0.114458257,0.147869784
0.624281966,0.583581388,0.537870433,0.745091681,0.421501113,0.822530369,0.281165589,0.569925821,0.384182294,0.201903426,0.495758363,0.114458257,0.502453683,0.147869784,0.533197778
0.537870433,0.745091681,0.421501113,0.822530369,0.281165589,0.569925821,0.384182294,0.201903426,0.495758363,0.114458257,0.502453683,0.147869784,0.56514627,0.533197778,0.31021078
0.421501113,0.822530369,0.281165589,0.569925821,0.384182294,0.201903426,0.495758363,0.114458257,0.502453683,0.147869784,0.56514627,0.533197778,0.473922465,0.31021078,0.125981052
0.281165589,0.569925821,0.384182294,0.201903426,0.495758363,0.114458257,0.502453683,0.147869784,0.56514627,0.533197778,0.473922465,0.31021078,0.44493476,0.125981052,0.147121304
0.384182294,0.201903426,0.495758363,0.114458257,0.502453683,0.147869784,0.56514627,0.533197778,0.473922465,0.31021078,0.44493476,0.125981052,0.479419484,0.147121304,0.327667953
0.495758363,0.114458257,0.502453683,0.147869784,0.56514627,0.533197778,0.473922465,0.31021078,0.44493476,0.125981052,0.479419484,0.147121304,0.511945065,0.327667953,0.271644159
0.502453683,0.147869784,0.56514627,0.533197778,0.473922465,0.31021078,0.44493476,0.125981052,0.479419484,0.147121304,0.511945065,0.327667953,0.435101002,0.271644159,0.123453587
0.56514627,0.533197778,0.473922465,0.31021078,0.44493476,0.125981052,0.479419484,0.147121304,0.511945065,0.327667953,0.435101002,0.271644159,0.442804425,0.123453587,0.052753945
0.473922465,0.31021078,0.44493476,0.125981052,0.479419484,0.147121304,0.511945065,0.327667953,0.435101002,0.271644159,0.442804425,0.123453587,0.470403622,0.052753945,0.115479606
0.44493476,0.125981052,0.479419484,0.147121304,0.511945065,0.327667953,0.435101002,0.271644159,0.442804425,0.123453587,0.470403622,0.052753945,0.482824209,0.115479606,0.278205522
0.479419484,0.147121304,0.511945065,0.327667953,0.435101002,0.271644159,0.442804425,0.123453587,0.470403622,0.052753945,0.482824209,0.115479606,0.420226724,0.278205522,0.267641495
0.511945065,0.327667953,0.435101002,0.271644159,0.442804425,0.123453587,0.470403622,0.052753945,0.482824209,0.115479606,0.420226724,0.278205522,0.364933236,0.267641495,0.136989955
0.435101002,0.271644159,0.442804425,0.123453587,0.470403622,0.052753945,0.482824209,0.115479606,0.420226724,0.278205522,0.364933236,0.267641495,0.346920534,0.136989955,0.079892193
0.442804425,0.123453587,0.470403622,0.052753945,0.482824209,0.115479606,0.420226724,0.278205522,0.364933236,0.267641495,0.346920534,0.136989955,0.350097006,0.079892193,0.058021
0.470403622,0.052753945,0.482824209,0.115479606,0.420226724,0.278205522,0.364933236,0.267641495,0.346920534,0.136989955,0.350097006,0.079892193,0.383003006,0.058021,0.232098013
0.482824209,0.115479606,0.420226724,0.278205522,0.364933236,0.267641495,0.346920534,0.136989955,0.350097006,0.079892193,0.383003006,0.058021,0.445581462,0.232098013,0.266880069
0.420226724,0.278205522,0.364933236,0.267641495,0.346920534,0.136989955,0.350097006,0.079892193,0.383003006,0.058021,0.445581462,0.232098013,0.458287367,0.266880069,0.318132067
0.364933236,0.267641495,0.346920534,0.136989955,0.350097006,0.079892193,0.383003006,0.058021,0.445581462,0.232098013,0.458287367,0.266880069,0.462433897,0.318132067,0.27882373
0.346920534,0.136989955,0.350097006,0.079892193,0.383003006,0.058021,0.445581462,0.232098013,0.458287367,0.266880069,0.462433897,0.318132067,0.451344768,0.27882373,0.301131545
0.350097006,0.079892193,0.383003006,0.058021,0.445581462,0.232098013,0.458287367,0.266880069,0.462433897,0.318132067,0.451344768,0.27882373,0.48508768,0.301131545,0.190803637
0.383003006,0.058021,0.445581462,0.232098013,0.458287367,0.266880069,0.462433897,0.318132067,0.451344768,0.27882373,0.48508768,0.301131545,0.451059456,0.190803637,0.547691345
0.445581462,0.232098013,0.458287367,0.266880069,0.462433897,0.318132067,0.451344768,0.27882373,0.48508768,0.301131545,0.451059456,0.190803637,0.34446684,0.547691345,0.381080265
0.458287367,0.266880069,0.462433897,0.318132067,0.451344768,0.27882373,0.48508768,0.301131545,0.451059456,0.190803637,0.34446684,0.547691345,0.425191159,0.381080265,0.225354551
0.462433897,0.318132067,0.451344768,0.27882373,0.48508768,0.301131545,0.451059456,0.190803637,0.34446684,0.547691345,0.425191159,0.381080265,0.499752727,0.225354551,0.685231385
0.451344768,0.27882373,0.48508768,0.301131545,0.451059456,0.190803637,0.34446684,0.547691345,0.425191159,0.381080265,0.499752727,0.225354551,0.46077909,0.685231385,0.363353478
0.48508768,0.301131545,0.451059456,0.190803637,0.34446684,0.547691345,0.425191159,0.381080265,0.499752727,0.225354551,0.46077909,0.685231385,0.479115153,0.363353478,0.258559016
0.451059456,0.190803637,0.34446684,0.547691345,0.425191159,0.381080265,0.499752727,0.225354551,0.46077909,0.685231385,0.479115153,0.363353478,0.510100051,0.258559016,0.55793595
0.34446684,0.547691345,0.425191159,0.381080265,0.499752727,0.225354551,0.46077909,0.685231385,0.479115153,0.363353478,0.510100051,0.258559016,0.489348347,0.55793595,0.329711989
0.425191159,0.381080265,0.499752727,0.225354551,0.46077909,0.685231385,0.479115153,0.363353478,0.510100051,0.258559016,0.489348347,0.55793595,0.405352453,0.329711989,0.130975074
0.499752727,0.225354551,0.46077909,0.685231385,0.479115153,0.363353478,0.510100051,0.258559016,0.489348347,0.55793595,0.405352453,0.329711989,0.339749682,0.130975074,0.351561824
0.46077909,0.685231385,0.479115153,0.363353478,0.510100051,0.258559016,0.489348347,0.55793595,0.405352453,0.329711989,0.339749682,0.130975074,0.364533801,0.351561824,0.193841288
0.479115153,0.363353478,0.510100051,0.258559016,0.489348347,0.55793595,0.405352453,0.329711989,0.339749682,0.130975074,0.364533801,0.351561824,0.403887854,0.193841288,0.286344295
0.510100051,0.258559016,0.489348347,0.55793595,0.405352453,0.329711989,0.339749682,0.130975074,0.364533801,0.351561824,0.403887854,0.193841288,0.374386575,0.286344295,0.367366593
0.489348347,0.55793595,0.405352453,0.329711989,0.339749682,0.130975074,0.364533801,0.351561824,0.403887854,0.193841288,0.374386575,0.286344295,0.345170613,0.367366593,0.243247075
0.405352453,0.329711989,0.339749682,0.130975074,0.364533801,0.351561824,0.403887854,0.193841288,0.374386575,0.286344295,0.345170613,0.367366593,0.55341043,0.243247075,0.240817385
0.339749682,0.130975074,0.364533801,0.351561824,0.403887854,0.193841288,0.374386575,0.286344295,0.345170613,0.367366593,0.55341043,0.243247075,0.492410692,0.240817385,0.197398027
0.364533801,0.351561824,0.403887854,0.193841288,0.374386575,0.286344295,0.345170613,0.367366593,0.55341043,0.243247075,0.492410692,0.240817385,0.447940043,0.197398027,0.334613682
0.403887854,0.193841288,0.374386575,0.286344295,0.345170613,0.367366593,0.55341043,0.243247075,0.492410692,0.240817385,0.447940043,0.197398027,0.477783693,0.334613682,0.176644642
0.374386575,0.286344295,0.345170613,0.367366593,0.55341043,0.243247075,0.492410692,0.240817385,0.447940043,0.197398027,0.477783693,0.334613682,0.496119753,0.176644642,0.241648459
0.345170613,0.367366593,0.55341043,0.243247075,0.492410692,0.240817385,0.447940043,0.197398027,0.477783693,0.334613682,0.496119753,0.176644642,0.489063029,0.241648459,0.300759228
0.55341043,0.243247075,0.492410692,0.240817385,0.447940043,0.197398027,0.477783693,0.334613682,0.496119753,0.176644642,0.489063029,0.241648459,0.491821054,0.300759228,0.409732366
0.492410692,0.240817385,0.447940043,0.197398027,0.477783693,0.334613682,0.496119753,0.176644642,0.489063029,0.241648459,0.491821054,0.300759228,0.479096128,0.409732366,0.307307104
0.447940043,0.197398027,0.477783693,0.334613682,0.496119753,0.176644642,0.489063029,0.241648459,0.491821054,0.300759228,0.479096128,0.409732366,0.513809104,0.307307104,0.126966653
0.477783693,0.334613682,0.496119753,0.176644642,0.489063029,0.241648459,0.491821054,0.300759228,0.479096128,0.409732366,0.513809104,0.307307104,0.537737285,0.126966653,0.252332743
0.496119753,0.176644642,0.489063029,0.241648459,0.491821054,0.300759228,0.479096128,0.409732366,0.513809104,0.307307104,0.537737285,0.126966653,0.568836301,0.252332743,0.417786115
0.489063029,0.241648459,0.491821054,0.300759228,0.479096128,0.409732366,0.513809104,0.307307104,0.537737285,0.126966653,0.568836301,0.252332743,0.59495188,0.417786115,0.201329732
0.491821054,0.300759228,0.479096128,0.409732366,0.513809104,0.307307104,0.537737285,0.126966653,0.568836301,0.252332743,0.59495188,0.417786115,0.574808846,0.201329732,0.38707384
0.479096128,0.409732366,0.513809104,0.307307104,0.537737285,0.126966653,0.568836301,0.252332743,0.59495188,0.417786115,0.574808846,0.201329732,0.482919311,0.38707384,0.33641977
0.513809104,0.307307104,0.537737285,0.126966653,0.568836301,0.252332743,0.59495188,0.417786115,0.574808846,0.201329732,0.482919311,0.38707384,0.505953511,0.33641977,0.251126403
0.537737285,0.126966653,0.568836301,0.252332743,0.59495188,0.417786115,0.574808846,0.201329732,0.482919311,0.38707384,0.505953511,0.33641977,0.450374705,0.251126403,0.198682164
0.568836301,0.252332743,0.59495188,0.417786115,0.574808846,0.201329732,0.482919311,0.38707384,0.505953511,0.33641977,0.450374705,0.251126403,0.405314408,0.198682164,0.372472322
0.59495188,0.417786115,0.574808846,0.201329732,0.482919311,0.38707384,0.505953511,0.33641977,0.450374705,0.251126403,0.405314408,0.198682164,0.522064134,0.372472322,0.507655718
0.574808846,0.201329732,0.482919311,0.38707384,0.505953511,0.33641977,0.450374705,0.251126403,0.405314408,0.198682164,0.522064134,0.372472322,0.514018331,0.507655718,0.849482979
0.482919311,0.38707384,0.505953511,0.33641977,0.450374705,0.251126403,0.405314408,0.198682164,0.522064134,0.372472322,0.514018331,0.507655718,0.336706349,0.849482979,0.400175908
0.505953511,0.33641977,0.450374705,0.251126403,0.405314408,0.198682164,0.522064134,0.372472322,0.514018331,0.507655718,0.336706349,0.849482979,0.269848205,0.400175908,0.439861165
0.450374705,0.251126403,0.405314408,0.198682164,0.522064134,0.372472322,0.514018331,0.507655718,0.336706349,0.849482979,0.269848205,0.400175908,0.357591197,0.439861165,0.466168567
0.405314408,0.198682164,0.522064134,0.372472322,0.514018331,0.507655718,0.336706349,0.849482979,0.269848205,0.400175908,0.357591197,0.439861165,0.496690371,0.466168567,0.345670342
0.522064134,0.372472322,0.514018331,0.507655718,0.336706349,0.849482979,0.269848205,0.400175908,0.357591197,0.439861165,0.496690371,0.466168567,0.583482324,0.345670342,0.257667703
0.514018331,0.507655718,0.336706349,0.849482979,0.269848205,0.400175908,0.357591197,0.439861165,0.496690371,0.466168567,0.583482324,0.345670342,0.594837756,0.257667703,0.173706139
0.336706349,0.849482979,0.269848205,0.400175908,0.357591197,0.439861165,0.496690371,0.466168567,0.583482324,0.345670342,0.594837756,0.257667703,0.627743751,0.173706139,0.257574454
0.269848205,0.400175908,0.357591197,0.439861165,0.496690371,0.466168567,0.583482324,0.345670342,0.594837756,0.257667703,0.627743751,0.173706139,0.681591665,0.257574454,0.196893595
0.357591197,0.439861165,0.496690371,0.466168567,0.583482324,0.345670342,0.594837756,0.257667703,0.627743751,0.173706139,0.681591665,0.257574454,0.739319825,0.196893595,0.028243973
0.496690371,0.466168567,0.583482324,0.345670342,0.594837756,0.257667703,0.627743751,0.173706139,0.681591665,0.257574454,0.739319825,0.196893595,0.541864801,0.028243973,0.078144498
0.583482324,0.345670342,0.594837756,0.257667703,0.627743751,0.173706139,0.681591665,0.257574454,0.739319825,0.196893595,0.541864801,0.028243973,0.521170156,0.078144498,0.238929853
0.594837756,0.257667703,0.627743751,0.173706139,0.681591665,0.257574454,0.739319825,0.196893595,0.541864801,0.028243973,0.521170156,0.078144498,0.532164182,0.238929853,0.143981078
0.627743751,0.173706139,0.681591665,0.257574454,0.739319825,0.196893595,0.541864801,0.028243973,0.521170156,0.078144498,0.532164182,0.238929853,0.607714844,0.143981078,0.145023694
0.681591665,0.257574454,0.739319825,0.196893595,0.541864801,0.028243973,0.521170156,0.078144498,0.532164182,0.238929853,0.607714844,0.143981078,0.661486671,0.145023694,0.303470018
0.739319825,0.196893595,0.541864801,0.028243973,0.521170156,0.078144498,0.532164182,0.238929853,0.607714844,0.143981078,0.661486671,0.145023694,0.684825207,0.303470018,0.252433474
0.541864801,0.028243973,0.521170156,0.078144498,0.532164182,0.238929853,0.607714844,0.143981078,0.661486671,0.145023694,0.684825207,0.303470018,0.640639858,0.252433474,0.160830893
0.521170156,0.078144498,0.532164182,0.238929853,0.607714844,0.143981078,0.661486671,0.145023694,0.684825207,0.303470018,0.640639858,0.252433474,0.671681826,0.160830893,0.131110615
0.532164182,0.238929853,0.607714844,0.143981078,0.661486671,0.145023694,0.684825207,0.303470018,0.640639858,0.252433474,0.671681826,0.160830893,0.705995357,0.131110615,0.273634805
0.607714844,0.143981078,0.661486671,0.145023694,0.684825207,0.303470018,0.640639858,0.252433474,0.671681826,0.160830893,0.705995357,0.131110615,0.635542287,0.273634805,0.301347267
0.661486671,0.145023694,0.684825207,0.303470018,0.640639858,0.252433474,0.671681826,0.160830893,0.705995357,0.131110615,0.635542287,0.273634805,0.549225855,0.301347267,0.270510825
0.684825207,0.303470018,0.640639858,0.252433474,0.671681826,0.160830893,0.705995357,0.131110615,0.635542287,0.273634805,0.549225855,0.301347267,0.500323359,0.270510825,0.135099667
0.640639858,0.252433474,0.671681826,0.160830893,0.705995357,0.131110615,0.635542287,0.273634805,0.549225855,0.301347267,0.500323359,0.270510825,0.556453765,0.135099667,0.144147824
0.671681826,0.160830893,0.705995357,0.131110615,0.635542287,0.273634805,0.549225855,0.301347267,0.500323359,0.270510825,0.556453765,0.135099667,0.561475264,0.144147824,0.209268856
0.705995357,0.131110615,0.635542287,0.273634805,0.549225855,0.301347267,0.500323359,0.270510825,0.556453765,0.135099667,0.561475264,0.144147824,0.570224829,0.209268856,0.109752781
0.635542287,0.273634805,0.549225855,0.301347267,0.500323359,0.270510825,0.556453765,0.135099667,0.561475264,0.144147824,0.570224829,0.209268856,0.58116179,0.109752781,0.231157465
0.549225855,0.301347267,0.500323359,0.270510825,0.556453765,0.135099667,0.561475264,0.144147824,0.570224829,0.209268856,0.58116179,0.109752781,0.563244189,0.231157465,0.292461584
0.500323359,0.270510825,0.556453765,0.135099667,0.561475264,0.144147824,0.570224829,0.209268856,0.58116179,0.109752781,0.563244189,0.231157465,0.494826334,0.292461584,0.180673092
0.556453765,0.135099667,0.561475264,0.144147824,0.570224829,0.209268856,0.58116179,0.109752781,0.563244189,0.231157465,0.494826334,0.292461584,0.530889794,0.180673092,0.113126072
0.561475264,0.144147824,0.570224829,0.209268856,0.58116179,0.109752781,0.563244189,0.231157465,0.494826334,0.292461584,0.530889794,0.180673092,0.548636209,0.113126072,0.291760608
0.570224829,0.209268856,0.58116179,0.109752781,0.563244189,0.231157465,0.494826334,0.292461584,0.530889794,0.180673092,0.548636209,0.113126072,0.59415301,0.291760608,0.362386582
0.58116179,0.109752781,0.563244189,0.231157465,0.494826334,0.292461584,0.530889794,0.180673092,0.548636209,0.113126072,0.59415301,0.291760608,0.679347214,0.362386582,0.341568619
0.563244189,0.231157465,0.494826334,0.292461584,0.530889794,0.180673092,0.548636209,0.113126072,0.59415301,0.291760608,0.679347214,0.362386582,0.675200675,0.341568619,0.849647498
0.494826334,0.292461584,0.530889794,0.180673092,0.548636209,0.113126072,0.59415301,0.291760608,0.679347214,0.362386582,0.675200675,0.341568619,0.595750758,0.849647498,0.659571308
0.530889794,0.180673092,0.548636209,0.113126072,0.59415301,0.291760608,0.679347214,0.362386582,0.675200675,0.341568619,0.595750758,0.849647498,0.586696853,0.659571308,0.488042061
0.548636209,0.113126072,0.59415301,0.291760608,0.679347214,0.362386582,0.675200675,0.341568619,0.595750758,0.849647498,0.586696853,0.659571308,0.433408145,0.488042061,0.111168568
0.59415301,0.291760608,0.679347214,0.362386582,0.675200675,0.341568619,0.595750758,0.849647498,0.586696853,0.659571308,0.433408145,0.488042061,0.488302208,0.111168568,0.05406194
0.679347214,0.362386582,0.675200675,0.341568619,0.595750758,0.849647498,0.586696853,0.659571308,0.433408145,0.488042061,0.488302208,0.111168568,0.51820291,0.05406194,0.323418683
0.675200675,0.341568619,0.595750758,0.849647498,0.586696853,0.659571308,0.433408145,0.488042061,0.488302208,0.111168568,0.51820291,0.05406194,0.583292127,0.323418683,0.547744615
0.595750758,0.849647498,0.586696853,0.659571308,0.433408145,0.488042061,0.488302208,0.111168568,0.51820291,0.05406194,0.583292127,0.323418683,0.573667604,0.547744615,0.396830835
0.586696853,0.659571308,0.433408145,0.488042061,0.488302208,0.111168568,0.51820291,0.05406194,0.583292127,0.323418683,0.573667604,0.547744615,0.456214093,0.396830835,0.462052705
0.433408145,0.488042061,0.488302208,0.111168568,0.51820291,0.05406194,0.583292127,0.323418683,0.573667604,0.547744615,0.456214093,0.396830835,0.407692015,0.462052705,0.319612873
0.488302208,0.111168568,0.51820291,0.05406194,0.583292127,0.323418683,0.573667604,0.547744615,0.456214093,0.396830835,0.407692015,0.462052705,0.470536762,0.319612873,0.340832134
0.51820291,0.05406194,0.583292127,0.323418683,0.573667604,0.547744615,0.456214093,0.396830835,0.407692015,0.462052705,0.470536762,0.319612873,0.537375887,0.340832134,0.650059592
0.583292127,0.323418683,0.573667604,0.547744615,0.456214093,0.396830835,0.407692015,0.462052705,0.470536762,0.319612873,0.537375887,0.340832134,0.553296306,0.650059592,0.854806463
0.573667604,0.547744615,0.456214093,0.396830835,0.407692015,0.462052705,0.470536762,0.319612873,0.537375887,0.340832134,0.553296306,0.650059592,0.409784298,0.854806463,0.527683072
0.456214093,0.396830835,0.407692015,0.462052705,0.470536762,0.319612873,0.537375887,0.340832134,0.553296306,0.650059592,0.409784298,0.854806463,0.373606719,0.527683072,0.503657394
0.407692015,0.462052705,0.470536762,0.319612873,0.537375887,0.340832134,0.553296306,0.650059592,0.409784298,0.854806463,0.373606719,0.527683072,0.338208992,0.503657394,0.201436937
0.470536762,0.319612873,0.537375887,0.340832134,0.553296306,0.650059592,0.409784298,0.854806463,0.373606719,0.527683072,0.338208992,0.503657394,0.379084717,0.201436937,0.609780102
0.537375887,0.340832134,0.553296306,0.650059592,0.409784298,0.854806463,0.373606719,0.527683072,0.338208992,0.503657394,0.379084717,0.201436937,0.380035754,0.609780102,0.288615696
0.553296306,0.650059592,0.409784298,0.854806463,0.373606719,0.527683072,0.338208992,0.503657394,0.379084717,0.201436937,0.380035754,0.609780102,0.407349636,0.288615696,0.570108323
0.409784298,0.854806463,0.373606719,0.527683072,0.338208992,0.503657394,0.379084717,0.201436937,0.380035754,0.609780102,0.407349636,0.288615696,0.430745232,0.570108323,0.421828868
0.373606719,0.527683072,0.338208992,0.503657394,0.379084717,0.201436937,0.380035754,0.609780102,0.407349636,0.288615696,0.430745232,0.570108323,0.395918128,0.421828868,0.275562456
0.338208992,0.503657394,0.379084717,0.201436937,0.380035754,0.609780102,0.407349636,0.288615696,0.430745232,0.570108323,0.395918128,0.421828868,0.402118913,0.275562456,0.25775138
0.379084717,0.201436937,0.380035754,0.609780102,0.407349636,0.288615696,0.430745232,0.570108323,0.395918128,0.421828868,0.402118913,0.275562456,0.436318327,0.25775138,0.541560453
0.380035754,0.609780102,0.407349636,0.288615696,0.430745232,0.570108323,0.395918128,0.421828868,0.402118913,0.275562456,0.436318327,0.25775138,0.492239515,0.541560453,0.691732389
0.407349636,0.288615696,0.430745232,0.570108323,0.395918128,0.421828868,0.402118913,0.275562456,0.436318327,0.25775138,0.492239515,0.541560453,0.406151324,0.691732389,0.734274194
0.430745232,0.570108323,0.395918128,0.421828868,0.402118913,0.275562456,0.436318327,0.25775138,0.492239515,0.541560453,0.406151324,0.691732389,0.387016386,0.734274194,0.434381991
0.395918128,0.421828868,0.402118913,0.275562456,0.436318327,0.25775138,0.492239515,0.541560453,0.406151324,0.691732389,0.387016386,0.734274194,0.326473157,0.434381991,0.205175008
0.402118913,0.275562456,0.436318327,0.25775138,0.492239515,0.541560453,0.406151324,0.691732389,0.387016386,0.734274194,0.326473157,0.434381991,0.269391709,0.205175008,0.158932912
0.436318327,0.25775138,0.492239515,0.541560453,0.406151324,0.691732389,0.387016386,0.734274194,0.326473157,0.434381991,0.269391709,0.205175008,0.222752684,0.158932912,0.260198104
0.492239515,0.541560453,0.406151324,0.691732389,0.387016386,0.734274194,0.326473157,0.434381991,0.269391709,0.205175008,0.222752684,0.158932912,0.131167495,0.260198104,0.494685276
0.406151324,0.691732389,0.387016386,0.734274194,0.326473157,0.434381991,0.269391709,0.205175008,0.222752684,0.158932912,0.131167495,0.260198104,0.16141058,0.494685276,0.151452505
0.387016386,0.734274194,0.326473157,0.434381991,0.269391709,0.205175008,0.222752684,0.158932912,0.131167495,0.260198104,0.16141058,0.494685276,0.240023581,0.151452505,0.186187906
0.326473157,0.434381991,0.269391709,0.205175008,0.222752684,0.158932912,0.131167495,0.260198104,0.16141058,0.494685276,0.240023581,0.151452505,0.241773497,0.186187906,0.168094951
0.269391709,0.205175008,0.222752684,0.158932912,0.131167495,0.260198104,0.16141058,0.494685276,0.240023581,0.151452505,0.241773497,0.186187906,0.305626355,0.168094951,0.214086638
0.222752684,0.158932912,0.131167495,0.260198104,0.16141058,0.494685276,0.240023581,0.151452505,0.241773497,0.186187906,0.305626355,0.168094951,0.412732526,0.214086638,0.265768222
0.131167495,0.260198104,0.16141058,0.494685276,0.240023581,0.151452505,0.241773497,0.186187906,0.305626355,0.168094951,0.412732526,0.214086638,0.435120023,0.265768222,0.081603324
0.16141058,0.494685276,0.240023581,0.151452505,0.241773497,0.186187906,0.305626355,0.168094951,0.412732526,0.214086638,0.435120023,0.265768222,0.433503247,0.081603324,0.340816647
0.240023581,0.151452505,0.241773497,0.186187906,0.305626355,0.168094951,0.412732526,0.214086638,0.435120023,0.265768222,0.433503247,0.081603324,0.408966403,0.340816647,0.397083761
0.241773497,0.186187906,0.305626355,0.168094951,0.412732526,0.214086638,0.435120023,0.265768222,0.433503247,0.081603324,0.408966403,0.340816647,0.42996538,0.397083761,0.402667891
0.305626355,0.168094951,0.412732526,0.214086638,0.435120023,0.265768222,0.433503247,0.081603324,0.408966403,0.340816647,0.42996538,0.397083761,0.498896793,0.402667891,0.144411365
0.412732526,0.214086638,0.435120023,0.265768222,0.433503247,0.081603324,0.408966403,0.340816647,0.42996538,0.397083761,0.498896793,0.402667891,0.621048436,0.144411365,0.1988847
0.435120023,0.265768222,0.433503247,0.081603324,0.408966403,0.340816647,0.42996538,0.397083761,0.498896793,0.402667891,0.621048436,0.144411365,0.583330163,0.1988847,0.059356563
0.433503247,0.081603324,0.408966403,0.340816647,0.42996538,0.397083761,0.498896793,0.402667891,0.621048436,0.144411365,0.583330163,0.1988847,0.62352113,0.059356563,0.097973725
0.408966403,0.340816647,0.42996538,0.397083761,0.498896793,0.402667891,0.621048436,0.144411365,0.583330163,0.1988847,0.62352113,0.059356563,0.534865149,0.097973725,0.406082228
0.42996538,0.397083761,0.498896793,0.402667891,0.621048436,0.144411365,0.583330163,0.1988847,0.62352113,0.059356563,0.534865149,0.097973725,0.516262793,0.406082228,0.414811288
0.498896793,0.402667891,0.621048436,0.144411365,0.583330163,0.1988847,0.62352113,0.059356563,0.534865149,0.097973725,0.516262793,0.406082228,0.491383572,0.414811288,0.617730747
0.621048436,0.144411365,0.583330163,0.1988847,0.62352113,0.059356563,0.534865149,0.097973725,0.516262793,0.406082228,0.491383572,0.414811288,0.442043592,0.617730747,0.798962973
0.583330163,0.1988847,0.62352113,0.059356563,0.534865149,0.097973725,0.516262793,0.406082228,0.491383572,0.414811288,0.442043592,0.617730747,0.136607446,0.798962973,0.575553358
0.62352113,0.059356563,0.534865149,0.097973725,0.516262793,0.406082228,0.491383572,0.414811288,0.442043592,0.617730747,0.136607446,0.798962973,0.135580321,0.575553358,0.252297607
0.534865149,0.097973725,0.516262793,0.406082228,0.491383572,0.414811288,0.442043592,0.617730747,0.136607446,0.798962973,0.135580321,0.575553358,0.366588048,0.252297607,0.117580034
0.516262793,0.406082228,0.491383572,0.414811288,0.442043592,0.617730747,0.136607446,0.798962973,0.135580321,0.575553358,0.366588048,0.252297607,0.397972376,0.117580034,0.142588599
0.491383572,0.414811288,0.442043592,0.617730747,0.136607446,0.798962973,0.135580321,0.575553358,0.366588048,0.252297607,0.397972376,0.117580034,0.376802215,0.142588599,0.191899388
0.442043592,0.617730747,0.136607446,0.798962973,0.135580321,0.575553358,0.366588048,0.252297607,0.397972376,0.117580034,0.376802215,0.142588599,0.407501807,0.191899388,0.339551515
0.136607446,0.798962973,0.135580321,0.575553358,0.366588048,0.252297607,0.397972376,0.117580034,0.376802215,0.142588599,0.407501807,0.191899388,0.467284207,0.339551515,0.493406993
0.135580321,0.575553358,0.366588048,0.252297607,0.397972376,0.117580034,0.376802215,0.142588599,0.407501807,0.191899388,0.467284207,0.339551515,0.463270824,0.493406993,0.58121021
0.366588048,0.252297607,0.397972376,0.117580034,0.376802215,0.142588599,0.407501807,0.191899388,0.467284207,0.339551515,0.463270824,0.493406993,0.148419367,0.58121021,0.165560928
0.397972376,0.117580034,0.376802215,0.142588599,0.407501807,0.191899388,0.467284207,0.339551515,0.463270824,0.493406993,0.148419367,0.58121021,0.354509831,0.165560928,0.261542571
0.376802215,0.142588599,0.407501807,0.191899388,0.467284207,0.339551515,0.463270824,0.493406993,0.148419367,0.58121021,0.354509831,0.165560928,0.462795299,0.261542571,0.110695953
0.407501807,0.191899388,0.467284207,0.339551515,0.463270824,0.493406993,0.148419367,0.58121021,0.354509831,0.165560928,0.462795299,0.261542571,0.576882108,0.110695953,0.121345205
0.467284207,0.339551515,0.463270824,0.493406993,0.148419367,0.58121021,0.354509831,0.165560928,0.462795299,0.261542571,0.576882108,0.110695953,0.554494619,0.121345205,0.092708897
0.463270824,0.493406993,0.148419367,0.58121021,0.354509831,0.165560928,0.462795299,0.261542571,0.576882108,0.110695953,0.554494619,0.121345205,0.59031081,0.092708897,0.287774772
0.148419367,0.58121021,0.354509831,0.165560928,0.462795299,0.261542571,0.576882108,0.110695953,0.554494619,0.121345205,0.59031081,0.092708897,0.811446728,0.287774772,0.700942661
0.354509831,0.165560928,0.462795299,0.261542571,0.576882108,0.110695953,0.554494619,0.121345205,0.59031081,0.092708897,0.811446728,0.287774772,0.435043938,0.700942661,0.330422032
0.462795299,0.261542571,0.576882108,0.110695953,0.554494619,0.121345205,0.59031081,0.092708897,0.811446728,0.287774772,0.435043938,0.700942661,0.356602115,0.330422032,0.302282242
0.576882108,0.110695953,0.554494619,0.121345205,0.59031081,0.092708897,0.811446728,0.287774772,0.435043938,0.700942661,0.356602115,0.330422032,0.345969484,0.302282242,0.424214785
0.554494619,0.121345205,0.59031081,0.092708897,0.811446728,0.287774772,0.435043938,0.700942661,0.356602115,0.330422032,0.345969484,0.302282242,0.32025335,0.424214785,0.429984179
0.59031081,0.092708897,0.811446728,0.287774772,0.435043938,0.700942661,0.356602115,0.330422032,0.345969484,0.302282242,0.32025335,0.424214785,0.355422825,0.429984179,0.329455544
0.811446728,0.287774772,0.435043938,0.700942661,0.356602115,0.330422032,0.345969484,0.302282242,0.32025335,0.424214785,0.355422825,0.429984179,0.343135387,0.329455544,0.248947688
0.435043938,0.700942661,0.356602115,0.330422032,0.345969484,0.302282242,0.32025335,0.424214785,0.355422825,0.429984179,0.343135387,0.329455544,0.257047203,0.248947688,0.506564239
0.356602115,0.330422032,0.345969484,0.302282242,0.32025335,0.424214785,0.355422825,0.429984179,0.343135387,0.329455544,0.257047203,0.248947688,0.191044997,0.506564239,0.210273846
0.345969484,0.302282242,0.32025335,0.424214785,0.355422825,0.429984179,0.343135387,0.329455544,0.257047203,0.248947688,0.191044997,0.506564239,0.173964314,0.210273846,0.147080417
0.32025335,0.424214785,0.355422825,0.429984179,0.343135387,0.329455544,0.257047203,0.248947688,0.191044997,0.506564239,0.173964314,0.210273846,0.150378511,0.147080417,0.291652634
0.355422825,0.429984179,0.343135387,0.329455544,0.257047203,0.248947688,0.191044997,0.506564239,0.173964314,0.210273846,0.150378511,0.147080417,0.162380639,0.291652634,0.340969301
0.343135387,0.329455544,0.257047203,0.248947688,0.191044997,0.506564239,0.173964314,0.210273846,0.150378511,0.147080417,0.162380639,0.291652634,0.150511657,0.340969301,0.151633929
0.257047203,0.248947688,0.191044997,0.506564239,0.173964314,0.210273846,0.150378511,0.147080417,0.162380639,0.291652634,0.150511657,0.340969301,0.213527595,0.151633929,0.222343813
0.191044997,0.506564239,0.173964314,0.210273846,0.150378511,0.147080417,0.162380639,0.291652634,0.150511657,0.340969301,0.213527595,0.151633929,0.379674364,0.222343813,0.481140214
0.173964314,0.210273846,0.150378511,0.147080417,0.162380639,0.291652634,0.150511657,0.340969301,0.213527595,0.151633929,0.379674364,0.222343813,0.497831626,0.481140214,0.372170217
0.150378511,0.147080417,0.162380639,0.291652634,0.150511657,0.340969301,0.213527595,0.151633929,0.379674364,0.222343813,0.497831626,0.481140214,0.548084604,0.372170217,0.267193121
0.162380639,0.291652634,0.150511657,0.340969301,0.213527595,0.151633929,0.379674364,0.222343813,0.497831626,0.481140214,0.548084604,0.372170217,0.668543395,0.267193121,0.252041578
0.150511657,0.340969301,0.213527595,0.151633929,0.379674364,0.222343813,0.497831626,0.481140214,0.548084604,0.372170217,0.668543395,0.267193121,0.704530758,0.252041578,0.28995305
0.213527595,0.151633929,0.379674364,0.222343813,0.497831626,0.481140214,0.548084604,0.372170217,0.668543395,0.267193121,0.704530758,0.252041578,0.681401454,0.28995305,0.439346042
0.379674364,0.222343813,0.497831626,0.481140214,0.548084604,0.372170217,0.668543395,0.267193121,0.704530758,0.252041578,0.681401454,0.28995305,0.528379048,0.439346042,0.436841521
0.497831626,0.481140214,0.548084604,0.372170217,0.668543395,0.267193121,0.704530758,0.252041578,0.681401454,0.28995305,0.528379048,0.439346042,0.472552969,0.436841521,0.115386254
0.548084604,0.372170217,0.668543395,0.267193121,0.704530758,0.252041578,0.681401454,0.28995305,0.528379048,0.439346042,0.472552969,0.436841521,0.503195494,0.115386254,0.258067735
0.668543395,0.267193121,0.704530758,0.252041578,0.681401454,0.28995305,0.528379048,0.439346042,0.472552969,0.436841521,0.503195494,0.115386254,0.5544756,0.258067735,0.154314958
0.704530758,0.252041578,0.681401454,0.28995305,0.528379048,0.439346042,0.472552969,0.436841521,0.503195494,0.115386254,0.5544756,0.258067735,0.542378361,0.154314958,0.154180763
0.681401454,0.28995305,0.528379048,0.439346042,0.472552969,0.436841521,0.503195494,0.115386254,0.5544756,0.258067735,0.542378361,0.154314958,0.572412217,0.154180763,0.103702297
0.528379048,0.439346042,0.472552969,0.436841521,0.503195494,0.115386254,0.5544756,0.258067735,0.542378361,0.154314958,0.572412217,0.154180763,0.594419299,0.103702297,0.246217971
0.472552969,0.436841521,0.503195494,0.115386254,0.5544756,0.258067735,0.542378361,0.154314958,0.572412217,0.154180763,0.594419299,0.103702297,0.674877322,0.246217971,0.526584571
0.503195494,0.115386254,0.5544756,0.258067735,0.542378361,0.154314958,0.572412217,0.154180763,0.594419299,0.103702297,0.674877322,0.246217971,0.642503904,0.526584571,0.332025279
0.5544756,0.258067735,0.542378361,0.154314958,0.572412217,0.154180763,0.594419299,0.103702297,0.674877322,0.246217971,0.642503904,0.526584571,0.348670439,0.332025279,0.408885529
0.542378361,0.154314958,0.572412217,0.154180763,0.594419299,0.103702297,0.674877322,0.246217971,0.642503904,0.526584571,0.348670439,0.332025279,0.46355613,0.408885529,0.334857817
0.572412217,0.154180763,0.594419299,0.103702297,0.674877322,0.246217971,0.642503904,0.526584571,0.348670439,0.332025279,0.46355613,0.408885529,0.452486017,0.334857817,0.374815014
0.594419299,0.103702297,0.674877322,0.246217971,0.642503904,0.526584571,0.348670439,0.332025279,0.46355613,0.408885529,0.452486017,0.334857817,0.450298628,0.374815014,0.128845462
0.674877322,0.246217971,0.642503904,0.526584571,0.348670439,0.332025279,0.46355613,0.408885529,0.452486017,0.334857817,0.450298628,0.374815014,0.44710313,0.128845462,0.289719239
0.642503904,0.526584571,0.348670439,0.332025279,0.46355613,0.408885529,0.452486017,0.334857817,0.450298628,0.374815014,0.44710313,0.128845462,0.49880168,0.289719239,0.458126277
0.348670439,0.332025279,0.46355613,0.408885529,0.452486017,0.334857817,0.450298628,0.374815014,0.44710313,0.128845462,0.49880168,0.289719239,0.506866508,0.458126277,0.387086663
0.46355613,0.408885529,0.452486017,0.334857817,0.450298628,0.374815014,0.44710313,0.128845462,0.49880168,0.289719239,0.506866508,0.458126277,0.352835996,0.387086663,0.667501157
0.452486017,0.334857817,0.450298628,0.374815014,0.44710313,0.128845462,0.49880168,0.289719239,0.506866508,0.458126277,0.352835996,0.387086663,0.370411223,0.667501157,0.310669196
0.450298628,0.374815014,0.44710313,0.128845462,0.49880168,0.289719239,0.506866508,0.458126277,0.352835996,0.387086663,0.370411223,0.667501157,0.442500091,0.310669196,0.298615639
0.44710313,0.128845462,0.49880168,0.289719239,0.506866508,0.458126277,0.352835996,0.387086663,0.370411223,0.667501157,0.442500091,0.310669196,0.481321564,0.298615639,0.384063523
0.49880168,0.289719239,0.506866508,0.458126277,0.352835996,0.387086663,0.370411223,0.667501157,0.442500091,0.310669196,0.481321564,0.298615639,0.463841441,0.384063523,0.485905237
0.506866508,0.458126277,0.352835996,0.387086663,0.370411223,0.667501157,0.442500091,0.310669196,0.481321564,0.298615639,0.463841441,0.384063523,0.395518694,0.485905237,0.405295232
0.352835996,0.387086663,0.370411223,0.667501157,0.442500091,0.310669196,0.481321564,0.298615639,0.463841441,0.384063523,0.395518694,0.485905237,0.2997299,0.405295232,0.626523446
0.370411223,0.667501157,0.442500091,0.310669196,0.481321564,0.298615639,0.463841441,0.384063523,0.395518694,0.485905237,0.2997299,0.405295232,0.229295844,0.626523446,0.525428681
0.442500091,0.310669196,0.481321564,0.298615639,0.463841441,0.384063523,0.395518694,0.485905237,0.2997299,0.405295232,0.229295844,0.626523446,0.178301059,0.525428681,0.114794557
0.481321564,0.298615639,0.463841441,0.384063523,0.395518694,0.485905237,0.2997299,0.405295232,0.229295844,0.626523446,0.178301059,0.525428681,0.268878148,0.114794557,0.099729808
0.463841441,0.384063523,0.395518694,0.485905237,0.2997299,0.405295232,0.229295844,0.626523446,0.178301059,0.525428681,0.268878148,0.114794557,0.455091871,0.099729808,0.26288215
0.395518694,0.485905237,0.2997299,0.405295232,0.229295844,0.626523446,0.178301059,0.525428681,0.268878148,0.114794557,0.455091871,0.099729808,0.502339559,0.26288215,0.298139682
0.2997299,0.405295232,0.229295844,0.626523446,0.178301059,0.525428681,0.268878148,0.114794557,0.455091871,0.099729808,0.502339559,0.26288215,0.532734812,0.298139682,0.292666081
0.229295844,0.626523446,0.178301059,0.525428681,0.268878148,0.114794557,0.455091871,0.099729808,0.502339559,0.26288215,0.532734812,0.298139682,0.534979264,0.292666081,0.138171468
0.178301059,0.525428681,0.268878148,0.114794557,0.455091871,0.099729808,0.502339559,0.26288215,0.532734812,0.298139682,0.534979264,0.292666081,0.56961616,0.138171468,0.225811044
0.268878148,0.114794557,0.455091871,0.099729808,0.502339559,0.26288215,0.532734812,0.298139682,0.534979264,0.292666081,0.56961616,0.138171468,0.619222428,0.225811044,0.494026736
0.455091871,0.099729808,0.502339559,0.26288215,0.532734812,0.298139682,0.534979264,0.292666081,0.56961616,0.138171468,0.619222428,0.225811044,0.659755777,0.494026736,0.297206859
0.502339559,0.26288215,0.532734812,0.298139682,0.534979264,0.292666081,0.56961616,0.138171468,0.619222428,0.225811044,0.659755777,0.494026736,0.623521137,0.297206859,0.182083882
0.532734812,0.298139682,0.534979264,0.292666081,0.56961616,0.138171468,0.619222428,0.225811044,0.659755777,0.494026736,0.623521137,0.297206859,0.582264996,0.182083882,0.294684746
0.534979264,0.292666081,0.56961616,0.138171468,0.619222428,0.225811044,0.659755777,0.494026736,0.623521137,0.297206859,0.582264996,0.182083882,0.544603793,0.294684746,0.163405901
0.56961616,0.138171468,0.619222428,0.225811044,0.659755777,0.494026736,0.623521137,0.297206859,0.582264996,0.182083882,0.544603793,0.294684746,0.535150449,0.163405901,0.059325671
0.619222428,0.225811044,0.659755777,0.494026736,0.623521137,0.297206859,0.582264996,0.182083882,0.544603793,0.294684746,0.535150449,0.163405901,0.355993455,0.059325671,0.222990395
0.659755777,0.494026736,0.623521137,0.297206859,0.582264996,0.182083882,0.544603793,0.294684746,0.535150449,0.163405901,0.355993455,0.059325671,0.384011106,0.222990395,0.38176697
0.623521137,0.297206859,0.582264996,0.182083882,0.544603793,0.294684746,0.535150449,0.163405901,0.355993455,0.059325671,0.384011106,0.222990395,0.360786693,0.38176697,0.434821306
0.582264996,0.182083882,0.544603793,0.294684746,0.535150449,0.163405901,0.355993455,0.059325671,0.384011106,0.222990395,0.360786693,0.38176697,0.380302047,0.434821306,0.336856451
0.544603793,0.294684746,0.535150449,0.163405901,0.355993455,0.059325671,0.384011106,0.222990395,0.360786693,0.38176697,0.380302047,0.434821306,0.351466497,0.336856451,0.378009645
0.535150449,0.163405901,0.355993455,0.059325671,0.384011106,0.222990395,0.360786693,0.38176697,0.380302047,0.434821306,0.351466497,0.336856451,0.257674891,0.378009645,0.131337921
0.355993455,0.059325671,0.384011106,0.222990395,0.360786693,0.38176697,0.380302047,0.434821306,0.351466497,0.336856451,0.257674891,0.378009645,0.344086429,0.131337921,0.044134687
0.384011106,0.222990395,0.360786693,0.38176697,0.380302047,0.434821306,0.351466497,0.336856451,0.257674891,0.378009645,0.344086429,0.131337921,0.399836416,0.044134687,0.161192496
0.360786693,0.38176697,0.380302047,0.434821306,0.351466497,0.336856451,0.257674891,0.378009645,0.344086429,0.131337921,0.399836416,0.044134687,0.447616694,0.161192496,0.100919092
0.380302047,0.434821306,0.351466497,0.336856451,0.257674891,0.378009645,0.344086429,0.131337921,0.399836416,0.044134687,0.447616694,0.161192496,0.485125726,0.100919092,0.135624083
0.351466497,0.336856451,0.257674891,0.378009645,0.344086429,0.131337921,0.399836416,0.044134687,0.447616694,0.161192496,0.485125726,0.100919092,0.470936201,0.135624083,0.200312993
0.257674891,0.378009645,0.344086429,0.131337921,0.399836416,0.044134687,0.447616694,0.161192496,0.485125726,0.100919092,0.470936201,0.135624083,0.54083767,0.200312993,0.139163413
0.344086429,0.131337921,0.399836416,0.044134687,0.447616694,0.161192496,0.485125726,0.100919092,0.470936201,0.135624083,0.54083767,0.200312993,0.517194814,0.139163413,0.288078039
0.399836416,0.044134687,0.447616694,0.161192496,0.485125726,0.100919092,0.470936201,0.135624083,0.54083767,0.200312993,0.517194814,0.139163413,0.503899263,0.288078039,0.18595852
0.447616694,0.161192496,0.485125726,0.100919092,0.470936201,0.135624083,0.54083767,0.200312993,0.517194814,0.139163413,0.503899263,0.288078039,0.440369762,0.18595852,0.125298839
0.485125726,0.100919092,0.470936201,0.135624083,0.54083767,0.200312993,0.517194814,0.139163413,0.503899263,0.288078039,0.440369762,0.18595852,0.512021151,0.125298839,0.291410521
0.470936201,0.135624083,0.54083767,0.200312993,0.517194814,0.139163413,0.503899263,0.288078039,0.440369762,0.18595852,0.512021151,0.125298839,0.494236694,0.291410521,0.332092393
0.54083767,0.200312993,0.517194814,0.139163413,0.503899263,0.288078039,0.440369762,0.18595852,0.512021151,0.125298839,0.494236694,0.291410521,0.523928177,0.332092393,0.136744289
0.517194814,0.139163413,0.503899263,0.288078039,0.440369762,0.18595852,0.512021151,0.125298839,0.494236694,0.291410521,0.523928177,0.332092393,0.542378358,0.136744289,0.116434525
0.503899263,0.288078039,0.440369762,0.18595852,0.512021151,0.125298839,0.494236694,0.291410521,0.523928177,0.332092393,0.542378358,0.136744289,0.533324453,0.116434525,0.186844764
0.440369762,0.18595852,0.512021151,0.125298839,0.494236694,0.291410521,0.523928177,0.332092393,0.542378358,0.136744289,0.533324453,0.116434525,0.607505608,0.186844764,0.116816434
0.512021151,0.125298839,0.494236694,0.291410521,0.523928177,0.332092393,0.542378358,0.136744289,0.533324453,0.116434525,0.607505608,0.186844764,0.623407007,0.116816434,0.101456111
0.494236694,0.291410521,0.523928177,0.332092393,0.542378358,0.136744289,0.533324453,0.116434525,0.607505608,0.186844764,0.623407007,0.116816434,0.630216453,0.101456111,0.24147026
0.523928177,0.332092393,0.542378358,0.136744289,0.533324453,0.116434525,0.607505608,0.186844764,0.623407007,0.116816434,0.630216453,0.101456111,0.669247158,0.24147026,0.179044712
0.542378358,0.136744289,0.533324453,0.116434525,0.607505608,0.186844764,0.623407007,0.116816434,0.630216453,0.101456111,0.669247158,0.24147026,0.600106516,0.179044712,0.436771439
0.533324453,0.116434525,0.607505608,0.186844764,0.623407007,0.116816434,0.630216453,0.101456111,0.669247158,0.24147026,0.600106516,0.179044712,0.551489332,0.436771439,0.259764301
0.607505608,0.186844764,0.623407007,0.116816434,0.630216453,0.101456111,0.669247158,0.24147026,0.600106516,0.179044712,0.551489332,0.436771439,0.537756306,0.259764301,0.247804107
0.623407007,0.116816434,0.630216453,0.101456111,0.669247158,0.24147026,0.600106516,0.179044712,0.551489332,0.436771439,0.537756306,0.259764301,0.517099707,0.247804107,0.186518512
0.630216453,0.101456111,0.669247158,0.24147026,0.600106516,0.179044712,0.551489332,0.436771439,0.537756306,0.259764301,0.517099707,0.247804107,0.23629551,0.186518512,0.067137357
0.669247158,0.24147026,0.600106516,0.179044712,0.551489332,0.436771439,0.537756306,0.259764301,0.517099707,0.247804107,0.23629551,0.186518512,0.294594287,0.067137357,0.079604113
0.600106516,0.179044712,0.551489332,0.436771439,0.537756306,0.259764301,0.517099707,0.247804107,0.23629551,0.186518512,0.294594287,0.067137357,0.340206185,0.079604113,0.210666145
0.551489332,0.436771439,0.537756306,0.259764301,0.517099707,0.247804107,0.23629551,0.186518512,0.294594287,0.067137357,0.340206185,0.079604113,0.377391868,0.210666145,0.288256299
0.537756306,0.259764301,0.517099707,0.247804107,0.23629551,0.186518512,0.294594287,0.067137357,0.340206185,0.079604113,0.377391868,0.210666145,0.337714456,0.288256299,0.37555722
0.517099707,0.247804107,0.23629551,0.186518512,0.294594287,0.067137357,0.340206185,0.079604113,0.377391868,0.210666145,0.337714456,0.288256299,0.332027238,0.37555722,0.370594793
0.23629551,0.186518512,0.294594287,0.067137357,0.340206185,0.079604113,0.377391868,0.210666145,0.337714456,0.288256299,0.332027238,0.37555722,0.388481001,0.370594793,0.318079286
0.294594287,0.067137357,0.340206185,0.079604113,0.377391868,0.210666145,0.337714456,0.288256299,0.332027238,0.37555722,0.388481001,0.370594793,0.440636056,0.318079286,0.47854374
0.340206185,0.079604113,0.377391868,0.210666145,0.337714456,0.288256299,0.332027238,0.37555722,0.388481001,0.370594793,0.440636056,0.318079286,0.463308856,0.47854374,0.458754466
0.377391868,0.210666145,0.337714456,0.288256299,0.332027238,0.37555722,0.388481001,0.370594793,0.440636056,0.318079286,0.463308856,0.47854374,0.506961613,0.458754466,0.225932841
0.337714456,0.288256299,0.332027238,0.37555722,0.388481001,0.370594793,0.440636056,0.318079286,0.463308856,0.47854374,0.506961613,0.458754466,0.479742834,0.225932841,0.108364195
0.332027238,0.37555722,0.388481001,0.370594793,0.440636056,0.318079286,0.463308856,0.47854374,0.506961613,0.458754466,0.479742834,0.225932841,0.440103468,0.108364195,0.234455347
0.388481001,0.370594793,0.440636056,0.318079286,0.463308856,0.47854374,0.506961613,0.458754466,0.479742834,0.225932841,0.440103468,0.108364195,0.41423517,0.234455347,0.362595565
0.440636056,0.318079286,0.463308856,0.47854374,0.506961613,0.458754466,0.479742834,0.225932841,0.440103468,0.108364195,0.41423517,0.234455347,0.341423511,0.362595565,0.332205541
0.463308856,0.47854374,0.506961613,0.458754466,0.479742834,0.225932841,0.440103468,0.108364195,0.41423517,0.234455347,0.341423511,0.362595565,0.369764524,0.332205541,0.373906106
0.506961613,0.458754466,0.479742834,0.225932841,0.440103468,0.108364195,0.41423517,0.234455347,0.341423511,0.362595565,0.369764524,0.332205541,0.43589987,0.373906106,0.588547013
0.479742834,0.225932841,0.440103468,0.108364195,0.41423517,0.234455347,0.341423511,0.362595565,0.369764524,0.332205541,0.43589987,0.373906106,0.474283869,0.588547013,0.500587824
0.440103468,0.108364195,0.41423517,0.234455347,0.341423511,0.362595565,0.369764524,0.332205541,0.43589987,0.373906106,0.474283869,0.588547013,0.234526567,0.500587824,0.733209967
0.41423517,0.234455347,0.341423511,0.362595565,0.369764524,0.332205541,0.43589987,0.373906106,0.474283869,0.588547013,0.234526567,0.500587824,0.211834743,0.733209967,0.231672932
0.341423511,0.362595565,0.369764524,0.332205541,0.43589987,0.373906106,0.474283869,0.588547013,0.234526567,0.500587824,0.211834743,0.733209967,0.316011715,0.231672932,0.071483675
0.369764524,0.332205541,0.43589987,0.373906106,0.474283869,0.588547013,0.234526567,0.500587824,0.211834743,0.733209967,0.316011715,0.231672932,0.358142809,0.071483675,0.144731556
0.43589987,0.373906106,0.474283869,0.588547013,0.234526567,0.500587824,0.211834743,0.733209967,0.316011715,0.231672932,0.358142809,0.071483675,0.401148862,0.144731556,0.196122999
0.474283869,0.588547013,0.234526567,0.500587824,0.211834743,0.733209967,0.316011715,0.231672932,0.358142809,0.071483675,0.401148862,0.144731556,0.465344083,0.196122999,0.249536693
0.234526567,0.500587824,0.211834743,0.733209967,0.316011715,0.231672932,0.358142809,0.071483675,0.401148862,0.144731556,0.465344083,0.196122999,0.564309355,0.249536693,0.561776174
0.211834743,0.733209967,0.316011715,0.231672932,0.358142809,0.071483675,0.401148862,0.144731556,0.465344083,0.196122999,0.564309355,0.249536693,0.446152088,0.561776174,0.233726943
0.316011715,0.231672932,0.358142809,0.071483675,0.401148862,0.144731556,0.465344083,0.196122999,0.564309355,0.249536693,0.446152088,0.561776174,0.461901314,0.233726943,0.079676103
0.358142809,0.071483675,0.401148862,0.144731556,0.465344083,0.196122999,0.564309355,0.249536693,0.446152088,0.561776174,0.461901314,0.233726943,0.516548108,0.079676103,0.062718864
0.401148862,0.144731556,0.465344083,0.196122999,0.564309355,0.249536693,0.446152088,0.561776174,0.461901314,0.233726943,0.516548108,0.079676103,0.498858751,0.062718864,0.362118856
0.465344083,0.196122999,0.564309355,0.249536693,0.446152088,0.561776174,0.461901314,0.233726943,0.516548108,0.079676103,0.498858751,0.062718864,0.475539238,0.362118856,0.321258022
0.564309355,0.249536693,0.446152088,0.561776174,0.461901314,0.233726943,0.516548108,0.079676103,0.498858751,0.062718864,0.475539238,0.362118856,0.474873509,0.321258022,0.122251334
0.446152088,0.561776174,0.461901314,0.233726943,0.516548108,0.079676103,0.498858751,0.062718864,0.475539238,0.362118856,0.474873509,0.321258022,0.539791533,0.122251334,0.212637806
0.461901314,0.233726943,0.516548108,0.079676103,0.498858751,0.062718864,0.475539238,0.362118856,0.474873509,0.321258022,0.539791533,0.122251334,0.559002546,0.212637806,0.191238272
0.516548108,0.079676103,0.498858751,0.062718864,0.475539238,0.362118856,0.474873509,0.321258022,0.539791533,0.122251334,0.559002546,0.212637806,0.628694792,0.191238272,0.141940107
0.498858751,0.062718864,0.475539238,0.362118856,0.474873509,0.321258022,0.539791533,0.122251334,0.559002546,0.212637806,0.628694792,0.191238272,0.60041085,0.141940107,0.22573412
0.475539238,0.362118856,0.474873509,0.321258022,0.539791533,0.122251334,0.559002546,0.212637806,0.628694792,0.191238272,0.60041085,0.141940107,0.621029412,0.22573412,0.253664985
0.474873509,0.321258022,0.539791533,0.122251334,0.559002546,0.212637806,0.628694792,0.191238272,0.60041085,0.141940107,0.621029412,0.22573412,0.62875186,0.253664985,0.367788787
0.539791533,0.122251334,0.559002546,0.212637806,0.628694792,0.191238272,0.60041085,0.141940107,0.621029412,0.22573412,0.62875186,0.253664985,0.64360711,0.367788787,0.536135128
0.559002546,0.212637806,0.628694792,0.191238272,0.60041085,0.141940107,0.621029412,0.22573412,0.62875186,0.253664985,0.64360711,0.367788787,0.481131348,0.536135128,0.493952006
0.628694792,0.191238272,0.60041085,0.141940107,0.621029412,0.22573412,0.62875186,0.253664985,0.64360711,0.367788787,0.481131348,0.536135128,0.553258269,0.493952006,0.398311081
0.60041085,0.141940107,0.621029412,0.22573412,0.62875186,0.253664985,0.64360711,0.367788787,0.481131348,0.536135128,0.553258269,0.493952006,0.598128353,0.398311081,0.144746411
0.621029412,0.22573412,0.62875186,0.253664985,0.64360711,0.367788787,0.481131348,0.536135128,0.553258269,0.493952006,0.598128353,0.398311081,0.577034273,0.144746411,0.353348681
0.62875186,0.253664985,0.64360711,0.367788787,0.481131348,0.536135128,0.553258269,0.493952006,0.598128353,0.398311081,0.577034273,0.144746411,0.572336139,0.353348681,0.528466281
0.64360711,0.367788787,0.481131348,0.536135128,0.553258269,0.493952006,0.598128353,0.398311081,0.577034273,0.144746411,0.572336139,0.353348681,0.470974245,0.528466281,0.572422276
0.481131348,0.536135128,0.553258269,0.493952006,0.598128353,0.398311081,0.577034273,0.144746411,0.572336139,0.353348681,0.470974245,0.528466281,0.404268269,0.572422276,0.453697336
0.553258269,0.493952006,0.598128353,0.398311081,0.577034273,0.144746411,0.572336139,0.353348681,0.470974245,0.528466281,0.404268269,0.572422276,0.372275265,0.453697336,0.137532526
0.598128353,0.398311081,0.577034273,0.144746411,0.572336139,0.353348681,0.470974245,0.528466281,0.404268269,0.572422276,0.372275265,0.453697336,0.365960354,0.137532526,0.324060299
0.577034273,0.144746411,0.572336139,0.353348681,0.470974245,0.528466281,0.404268269,0.572422276,0.372275265,0.453697336,0.365960354,0.137532526,0.472362763,0.324060299,0.443940717
0.572336139,0.353348681,0.470974245,0.528466281,0.404268269,0.572422276,0.372275265,0.453697336,0.365960354,0.137532526,0.472362763,0.324060299,0.445524395,0.443940717,0.711755251
0.470974245,0.528466281,0.404268269,0.572422276,0.372275265,0.453697336,0.365960354,0.137532526,0.472362763,0.324060299,0.445524395,0.443940717,0.367672229,0.711755251,0.30961655
0.404268269,0.572422276,0.372275265,0.453697336,0.365960354,0.137532526,0.472362763,0.324060299,0.445524395,0.443940717,0.367672229,0.711755251,0.360349218,0.30961655,0.240607663
0.372275265,0.453697336,0.365960354,0.137532526,0.472362763,0.324060299,0.445524395,0.443940717,0.367672229,0.711755251,0.360349218,0.30961655,0.363012132,0.240607663,0.243934883
0.365960354,0.137532526,0.472362763,0.324060299,0.445524395,0.443940717,0.367672229,0.711755251,0.360349218,0.30961655,0.363012132,0.240607663,0.428063296,0.243934883,0.137436374
0.472362763,0.324060299,0.445524395,0.443940717,0.367672229,0.711755251,0.360349218,0.30961655,0.363012132,0.240607663,0.428063296,0.243934883,0.433750519,0.137436374,0.349652828
0.445524395,0.443940717,0.367672229,0.711755251,0.360349218,0.30961655,0.363012132,0.240607663,0.428063296,0.243934883,0.433750519,0.137436374,0.429128463,0.349652828,0.31136931
0.367672229,0.711755251,0.360349218,0.30961655,0.363012132,0.240607663,0.428063296,0.243934883,0.433750519,0.137436374,0.429128463,0.349652828,0.388823369,0.31136931,0.325181889
0.360349218,0.30961655,0.363012132,0.240607663,0.428063296,0.243934883,0.433750519,0.137436374,0.429128463,0.349652828,0.388823369,0.31136931,0.350249166,0.325181889,0.330019292
0.363012132,0.240607663,0.428063296,0.243934883,0.433750519,0.137436374,0.429128463,0.349652828,0.388823369,0.31136931,0.350249166,0.325181889,0.552896865,0.330019292,0.280132489
0.428063296,0.243934883,0.433750519,0.137436374,0.429128463,0.349652828,0.388823369,0.31136931,0.350249166,0.325181889,0.552896865,0.330019292,0.495320879,0.280132489,0.758206332
0.433750519,0.137436374,0.429128463,0.349652828,0.388823369,0.31136931,0.350249166,0.325181889,0.552896865,0.330019292,0.495320879,0.280132489,0.348080793,0.758206332,0.64493162
0.429128463,0.349652828,0.388823369,0.31136931,0.350249166,0.325181889,0.552896865,0.330019292,0.495320879,0.280132489,0.348080793,0.758206332,0.215201424,0.64493162,0.412350016
0.388823369,0.31136931,0.350249166,0.325181889,0.552896865,0.330019292,0.495320879,0.280132489,0.348080793,0.758206332,0.215201424,0.64493162,0.150454594,0.412350016,0.107539439
0.350249166,0.325181889,0.552896865,0.330019292,0.495320879,0.280132489,0.348080793,0.758206332,0.215201424,0.64493162,0.150454594,0.412350016,0.20279986,0.107539439,0.314936962
0.552896865,0.330019292,0.495320879,0.280132489,0.348080793,0.758206332,0.215201424,0.64493162,0.150454594,0.412350016,0.20279986,0.107539439,0.302449878,0.314936962,0.322914456
0.495320879,0.280132489,0.348080793,0.758206332,0.215201424,0.64493162,0.150454594,0.412350016,0.20279986,0.107539439,0.302449878,0.314936962,0.422984739,0.322914456,0.167079701
0.348080793,0.758206332,0.215201424,0.64493162,0.150454594,0.412350016,0.20279986,0.107539439,0.302449878,0.314936962,0.422984739,0.322914456,0.452828389,0.167079701,0.213225927
0.215201424,0.64493162,0.150454594,0.412350016,0.20279986,0.107539439,0.302449878,0.314936962,0.422984739,0.322914456,0.452828389,0.167079701,0.487541367,0.213225927,0.477016739
0.150454594,0.412350016,0.20279986,0.107539439,0.302449878,0.314936962,0.422984739,0.322914456,0.452828389,0.167079701,0.487541367,0.213225927,0.588903268,0.477016739,0.191112473
0.20279986,0.107539439,0.302449878,0.314936962,0.422984739,0.322914456,0.452828389,0.167079701,0.487541367,0.213225927,0.588903268,0.477016739,0.625594397,0.191112473,0.344379064
0.302449878,0.314936962,0.422984739,0.322914456,0.452828389,0.167079701,0.487541367,0.213225927,0.588903268,0.477016739,0.625594397,0.191112473,0.597709903,0.344379064,0.294746443
0.422984739,0.322914456,0.452828389,0.167079701,0.487541367,0.213225927,0.588903268,0.477016739,0.625594397,0.191112473,0.597709903,0.344379064,0.709894629,0.294746443,0.284892237
0.452828389,0.167079701,0.487541367,0.213225927,0.588903268,0.477016739,0.625594397,0.191112473,0.597709903,0.344379064,0.709894629,0.294746443,0.822041322,0.284892237,0.302967165
0.487541367,0.213225927,0.588903268,0.477016739,0.625594397,0.191112473,0.597709903,0.344379064,0.709894629,0.294746443,0.822041322,0.284892237,0.670007998,0.302967165,0.15618673
0.588903268,0.477016739,0.625594397,0.191112473,0.597709903,0.344379064,0.709894629,0.294746443,0.822041322,0.284892237,0.670007998,0.302967165,0.649731802,0.15618673,0.305937569
0.625594397,0.191112473,0.597709903,0.344379064,0.709894629,0.294746443,0.822041322,0.284892237,0.670007998,0.302967165,0.649731802,0.15618673,0.750580145,0.305937569,0.479151838
0.597709903,0.344379064,0.709894629,0.294746443,0.822041322,0.284892237,0.670007998,0.302967165,0.649731802,0.15618673,0.750580145,0.305937569,0.720508245,0.479151838,0.108259483
0.709894629,0.294746443,0.822041322,0.284892237,0.670007998,0.302967165,0.649731802,0.15618673,0.750580145,0.305937569,0.720508245,0.479151838,0.745501585,0.108259483,0.592647386
0.822041322,0.284892237,0.670007998,0.302967165,0.649731802,0.15618673,0.750580145,0.305937569,0.720508245,0.479151838,0.745501585,0.108259483,0.694316592,0.592647386,0.449774427
0.670007998,0.302967165,0.649731802,0.15618673,0.750580145,0.305937569,0.720508245,0.479151838,0.745501585,0.108259483,0.694316592,0.592647386,0.603054747,0.449774427,0.366190423
0.649731802,0.15618673,0.750580145,0.305937569,0.720508245,0.479151838,0.745501585,0.108259483,0.694316592,0.592647386,0.603054747,0.449774427,0.541313198,0.366190423,0.171720759
0.750580145,0.305937569,0.720508245,0.479151838,0.745501585,0.108259483,0.694316592,0.592647386,0.603054747,0.449774427,0.541313198,0.366190423,0.566420671,0.171720759,0.224720449
0.720508245,0.479151838,0.745501585,0.108259483,0.694316592,0.592647386,0.603054747,0.449774427,0.541313198,0.366190423,0.566420671,0.171720759,0.534313542,0.224720449,0.328322751
0.745501585,0.108259483,0.694316592,0.592647386,0.603054747,0.449774427,0.541313198,0.366190423,0.566420671,0.171720759,0.534313542,0.224720449,0.495339899,0.328322751,0.307927525
0.694316592,0.592647386,0.603054747,0.449774427,0.541313198,0.366190423,0.566420671,0.171720759,0.534313542,0.224720449,0.495339899,0.328322751,0.544109256,0.307927525,0.470041671
0.603054747,0.449774427,0.541313198,0.366190423,0.566420671,0.171720759,0.534313542,0.224720449,0.495339899,0.328322751,0.544109256,0.307927525,0.507722448,0.470041671,0.20407949
0.541313198,0.366190423,0.566420671,0.171720759,0.534313542,0.224720449,0.495339899,0.328322751,0.544109256,0.307927525,0.507722448,0.470041671,0.281983488,0.20407949,0.114869438
0.566420671,0.171720759,0.534313542,0.224720449,0.495339899,0.328322751,0.544109256,0.307927525,0.507722448,0.470041671,0.281983488,0.20407949,0.249705179,0.114869438,0.216781111
0.534313542,0.224720449,0.495339899,0.328322751,0.544109256,0.307927525,0.507722448,0.470041671,0.281983488,0.20407949,0.249705179,0.114869438,0.324247721,0.216781111,0.314712417
0.495339899,0.328322751,0.544109256,0.307927525,0.507722448,0.470041671,0.281983488,0.20407949,0.249705179,0.114869438,0.324247721,0.216781111,0.396526796,0.314712417,0.189187032
0.544109256,0.307927525,0.507722448,0.470041671,0.281983488,0.20407949,0.249705179,0.114869438,0.324247721,0.216781111,0.396526796,0.314712417,0.44092137,0.189187032,0.073270377
0.507722448,0.470041671,0.281983488,0.20407949,0.249705179,0.114869438,0.324247721,0.216781111,0.396526796,0.314712417,0.44092137,0.189187032,0.404857914,0.073270377,0.196724174
0.281983488,0.20407949,0.249705179,0.114869438,0.324247721,0.216781111,0.396526796,0.314712417,0.44092137,0.189187032,0.404857914,0.073270377,0.407444746,0.196724174,0.273227983
0.249705179,0.114869438,0.324247721,0.216781111,0.396526796,0.314712417,0.44092137,0.189187032,0.404857914,0.073270377,0.407444746,0.196724174,0.488054934,0.273227983,0.23641691
0.324247721,0.216781111,0.396526796,0.314712417,0.44092137,0.189187032,0.404857914,0.073270377,0.407444746,0.196724174,0.488054934,0.273227983,0.48664739,0.23641691,0.250347058
0.396526796,0.314712417,0.44092137,0.189187032,0.404857914,0.073270377,0.407444746,0.196724174,0.488054934,0.273227983,0.48664739,0.23641691,0.504013388,0.250347058,0.164561803
0.44092137,0.189187032,0.404857914,0.073270377,0.407444746,0.196724174,0.488054934,0.273227983,0.48664739,0.23641691,0.504013388,0.250347058,0.417735001,0.164561803,0.249391491
0.404857914,0.073270377,0.407444746,0.196724174,0.488054934,0.273227983,0.48664739,0.23641691,0.504013388,0.250347058,0.417735001,0.164561803,0.43658462,0.249391491,0.415106617
0.407444746,0.196724174,0.488054934,0.273227983,0.48664739,0.23641691,0.504013388,0.250347058,0.417735001,0.164561803,0.43658462,0.249391491,0.499695671,0.415106617,0.312509628
0.488054934,0.273227983,0.48664739,0.23641691,0.504013388,0.250347058,0.417735001,0.164561803,0.43658462,0.249391491,0.499695671,0.415106617,0.535778142,0.312509628,0.137828163
0.48664739,0.23641691,0.504013388,0.250347058,0.417735001,0.164561803,0.43658462,0.249391491,0.499695671,0.415106617,0.535778142,0.312509628,0.54241641,0.137828163,0.257474198
0.504013388,0.250347058,0.417735001,0.164561803,0.43658462,0.249391491,0.499695671,0.415106617,0.535778142,0.312509628,0.54241641,0.137828163,0.501331453,0.257474198,0.514242683
0.417735001,0.164561803,0.43658462,0.249391491,0.499695671,0.415106617,0.535778142,0.312509628,0.54241641,0.137828163,0.501331453,0.257474198,0.511374443,0.514242683,0.170038679
0.43658462,0.249391491,0.499695671,0.415106617,0.535778142,0.312509628,0.54241641,0.137828163,0.501331453,0.257474198,0.511374443,0.514242683,0.544927146,0.170038679,0.580082415
0.499695671,0.415106617,0.535778142,0.312509628,0.54241641,0.137828163,0.501331453,0.257474198,0.511374443,0.514242683,0.544927146,0.170038679,0.60744855,0.580082415,0.59244554
0.535778142,0.312509628,0.54241641,0.137828163,0.501331453,0.257474198,0.511374443,0.514242683,0.544927146,0.170038679,0.60744855,0.580082415,0.594571468,0.59244554,0.43447349
0.54241641,0.137828163,0.501331453,0.257474198,0.511374443,0.514242683,0.544927146,0.170038679,0.60744855,0.580082415,0.594571468,0.59244554,0.580115652,0.43447349,0.182803168
0.501331453,0.257474198,0.511374443,0.514242683,0.544927146,0.170038679,0.60744855,0.580082415,0.594571468,0.59244554,0.580115652,0.43447349,0.564461519,0.182803168,0.207582009
0.511374443,0.514242683,0.544927146,0.170038679,0.60744855,0.580082415,0.594571468,0.59244554,0.580115652,0.43447349,0.564461519,0.182803168,0.575721846,0.207582009,0.191880923
0.544927146,0.170038679,0.60744855,0.580082415,0.594571468,0.59244554,0.580115652,0.43447349,0.564461519,0.182803168,0.575721846,0.207582009,0.622532058,0.191880923,0.217829974
0.60744855,0.580082415,0.594571468,0.59244554,0.580115652,0.43447349,0.564461519,0.182803168,0.575721846,0.207582009,0.622532058,0.191880923,0.508597401,0.217829974,0.412723952
0.594571468,0.59244554,0.580115652,0.43447349,0.564461519,0.182803168,0.575721846,0.207582009,0.622532058,0.191880923,0.508597401,0.217829974,0.509871802,0.412723952,0.183217132
0.580115652,0.43447349,0.564461519,0.182803168,0.575721846,0.207582009,0.622532058,0.191880923,0.508597401,0.217829974,0.509871802,0.412723952,0.532963054,0.183217132,0.312731029
0.564461519,0.182803168,0.575721846,0.207582009,0.622532058,0.191880923,0.508597401,0.217829974,0.509871802,0.412723952,0.532963054,0.183217132,0.53895462,0.312731029,0.264597789
0.575721846,0.207582009,0.622532058,0.191880923,0.508597401,0.217829974,0.509871802,0.412723952,0.532963054,0.183217132,0.53895462,0.312731029,0.276372345,0.264597789,0.147420177
0.622532058,0.191880923,0.508597401,0.217829974,0.509871802,0.412723952,0.532963054,0.183217132,0.53895462,0.312731029,0.276372345,0.264597789,0.27526914,0.147420177,0.216892339
0.508597401,0.217829974,0.509871802,0.412723952,0.532963054,0.183217132,0.53895462,0.312731029,0.276372345,0.264597789,0.27526914,0.147420177,0.362745843,0.216892339,0.260694115
0.509871802,0.412723952,0.532963054,0.183217132,0.53895462,0.312731029,0.276372345,0.264597789,0.27526914,0.147420177,0.362745843,0.216892339,0.412599376,0.260694115,0.20339057
0.532963054,0.183217132,0.53895462,0.312731029,0.276372345,0.264597789,0.27526914,0.147420177,0.362745843,0.216892339,0.412599376,0.260694115,0.437706849,0.20339057,0.396254956
0.53895462,0.312731029,0.276372345,0.264597789,0.27526914,0.147420177,0.362745843,0.216892339,0.412599376,0.260694115,0.437706849,0.20339057,0.44556244,0.396254956,0.61097
0.276372345,0.264597789,0.27526914,0.147420177,0.362745843,0.216892339,0.412599376,0.260694115,0.437706849,0.20339057,0.44556244,0.396254956,0.477536416,0.61097,0.358627872
0.27526914,0.147420177,0.362745843,0.216892339,0.412599376,0.260694115,0.437706849,0.20339057,0.44556244,0.396254956,0.477536416,0.61097,0.440959406,0.358627872,0.632467318
0.362745843,0.216892339,0.412599376,0.260694115,0.437706849,0.20339057,0.44556244,0.396254956,0.477536416,0.61097,0.440959406,0.358627872,0.429603984,0.632467318,0.567484417
0.412599376,0.260694115,0.437706849,0.20339057,0.44556244,0.396254956,0.477536416,0.61097,0.440959406,0.358627872,0.429603984,0.632467318,0.398257695,0.567484417,0.207308062
0.437706849,0.20339057,0.44556244,0.396254956,0.477536416,0.61097,0.440959406,0.358627872,0.429603984,0.632467318,0.398257695,0.567484417,0.390725456,0.207308062,0.464882192
0.44556244,0.396254956,0.477536416,0.61097,0.440959406,0.358627872,0.429603984,0.632467318,0.398257695,0.567484417,0.390725456,0.207308062,0.382793774,0.464882192,0.261576479
0.477536416,0.61097,0.440959406,0.358627872,0.429603984,0.632467318,0.398257695,0.567484417,0.390725456,0.207308062,0.382793774,0.464882192,0.464488145,0.261576479,0.145386793
0.440959406,0.358627872,0.429603984,0.632467318,0.398257695,0.567484417,0.390725456,0.207308062,0.382793774,0.464882192,0.464488145,0.261576479,0.484897477,0.145386793,0.581719454
0.429603984,0.632467318,0.398257695,0.567484417,0.390725456,0.207308062,0.382793774,0.464882192,0.464488145,0.261576479,0.484897477,0.145386793,0.453570204,0.581719454,0.683737312
0.398257695,0.567484417,0.390725456,0.207308062,0.382793774,0.464882192,0.464488145,0.261576479,0.484897477,0.145386793,0.453570204,0.581719454,0.435576517,0.683737312,0.867571186
0.390725456,0.207308062,0.382793774,0.464882192,0.464488145,0.261576479,0.484897477,0.145386793,0.453570204,0.581719454,0.435576517,0.683737312,0.340111074,0.867571186,0.681957637
0.382793774,0.464882192,0.464488145,0.261576479,0.484897477,0.145386793,0.453570204,0.581719454,0.435576517,0.683737312,0.340111074,0.867571186,0.255658685,0.681957637,0.171130569
0.464488145,0.261576479,0.484897477,0.145386793,0.453570204,0.581719454,0.435576517,0.683737312,0.340111074,0.867571186,0.255658685,0.681957637,0.240936583,0.171130569,0.208320617
0.484897477,0.145386793,0.453570204,0.581719454,0.435576517,0.683737312,0.340111074,0.867571186,0.255658685,0.681957637,0.240936583,0.171130569,0.235021118,0.208320617,0.316342672
0.453570204,0.581719454,0.435576517,0.683737312,0.340111074,0.867571186,0.255658685,0.681957637,0.240936583,0.171130569,0.235021118,0.208320617,0.267261383,0.316342672,0.358950759
0.435576517,0.683737312,0.340111074,0.867571186,0.255658685,0.681957637,0.240936583,0.171130569,0.235021118,0.208320617,0.267261383,0.316342672,0.322726059,0.358950759,0.270708359
0.340111074,0.867571186,0.255658685,0.681957637,0.240936583,0.171130569,0.235021118,0.208320617,0.267261383,0.316342672,0.322726059,0.358950759,0.415928022,0.270708359,0.155555772
0.255658685,0.681957637,0.240936583,0.171130569,0.235021118,0.208320617,0.267261383,0.316342672,0.322726059,0.358950759,0.415928022,0.270708359,0.40637958,0.155555772,0.214807981
0.240936583,0.171130569,0.235021118,0.208320617,0.267261383,0.316342672,0.322726059,0.358950759,0.415928022,0.270708359,0.40637958,0.155555772,0.475900637,0.214807981,0.155250689
0.235021118,0.208320617,0.267261383,0.316342672,0.322726059,0.358950759,0.415928022,0.270708359,0.40637958,0.155555772,0.475900637,0.214807981,0.522140219,0.155250689,0.307813773
0.267261383,0.316342672,0.322726059,0.358950759,0.415928022,0.270708359,0.40637958,0.155555772,0.475900637,0.214807981,0.522140219,0.155250689,0.520257159,0.307813773,0.582846338
0.322726059,0.358950759,0.415928022,0.270708359,0.40637958,0.155555772,0.475900637,0.214807981,0.522140219,0.155250689,0.520257159,0.307813773,0.440902341,0.582846338,0.243056049
0.415928022,0.270708359,0.40637958,0.155555772,0.475900637,0.214807981,0.522140219,0.155250689,0.520257159,0.307813773,0.440902341,0.582846338,0.369041731,0.243056049,0.31883078
0.40637958,0.155555772,0.475900637,0.214807981,0.522140219,0.155250689,0.520257159,0.307813773,0.440902341,0.582846338,0.369041731,0.243056049,0.461825235,0.31883078,0.187351964
0.475900637,0.214807981,0.522140219,0.155250689,0.520257159,0.307813773,0.440902341,0.582846338,0.369041731,0.243056049,0.461825235,0.31883078,0.549320957,0.187351964,0.263501765
0.522140219,0.155250689,0.520257159,0.307813773,0.440902341,0.582846338,0.369041731,0.243056049,0.461825235,0.31883078,0.549320957,0.187351964,0.531308248,0.263501765,0.401693607
0.520257159,0.307813773,0.440902341,0.582846338,0.369041731,0.243056049,0.461825235,0.31883078,0.549320957,0.187351964,0.531308248,0.263501765,0.627648654,0.401693607,0.25182708
0.440902341,0.582846338,0.369041731,0.243056049,0.461825235,0.31883078,0.549320957,0.187351964,0.531308248,0.263501765,0.627648654,0.401693607,0.547114563,0.25182708,0.167919556
0.369041731,0.243056049,0.461825235,0.31883078,0.549320957,0.187351964,0.531308248,0.263501765,0.627648654,0.401693607,0.547114563,0.25182708,0.539867612,0.167919556,0.414383483
0.461825235,0.31883078,0.549320957,0.187351964,0.531308248,0.263501765,0.627648654,0.401693607,0.547114563,0.25182708,0.539867612,0.167919556,0.57513219,0.414383483,0.116657278
0.549320957,0.187351964,0.531308248,0.263501765,0.627648654,0.401693607,0.547114563,0.25182708,0.539867612,0.167919556,0.57513219,0.414383483,0.57456157,0.116657278,0.092432645
0.531308248,0.263501765,0.627648654,0.401693607,0.547114563,0.25182708,0.539867612,0.167919556,0.57513219,0.414383483,0.57456157,0.116657278,0.553962032,0.092432645,0.525466587
0.627648654,0.401693607,0.547114563,0.25182708,0.539867612,0.167919556,0.57513219,0.414383483,0.57456157,0.116657278,0.553962032,0.092432645,0.469110204,0.525466587,0.245850959
0.547114563,0.25182708,0.539867612,0.167919556,0.57513219,0.414383483,0.57456157,0.116657278,0.553962032,0.092432645,0.469110204,0.525466587,0.464602275,0.245850959,0.228132148
0.539867612,0.167919556,0.57513219,0.414383483,0.57456157,0.116657278,0.553962032,0.092432645,0.469110204,0.525466587,0.464602275,0.245850959,0.431049563,0.228132148,0.444892153
0.57513219,0.414383483,0.57456157,0.116657278,0.553962032,0.092432645,0.469110204,0.525466587,0.464602275,0.245850959,0.431049563,0.228132148,0.561722523,0.444892153,0.468746798
0.57456157,0.116657278,0.553962032,0.092432645,0.469110204,0.525466587,0.464602275,0.245850959,0.431049563,0.228132148,0.561722523,0.444892153,0.466352185,0.468746798,0.439584238
0.553962032,0.092432645,0.469110204,0.525466587,0.464602275,0.245850959,0.431049563,0.228132148,0.561722523,0.444892153,0.466352185,0.468746798,0.506676304,0.439584238,0.361848776
0.469110204,0.525466587,0.464602275,0.245850959,0.431049563,0.228132148,0.561722523,0.444892153,0.466352185,0.468746798,0.506676304,0.439584238,0.487598433,0.361848776,0.366632225
0.464602275,0.245850959,0.431049563,0.228132148,0.561722523,0.444892153,0.466352185,0.468746798,0.506676304,0.439584238,0.487598433,0.361848776,0.462624108,0.366632225,0.272776846
0.431049563,0.228132148,0.561722523,0.444892153,0.466352185,0.468746798,0.506676304,0.439584238,0.487598433,0.361848776,0.462624108,0.366632225,0.467151065,0.272776846,0.463746339
0.561722523,0.444892153,0.466352185,0.468746798,0.506676304,0.439584238,0.487598433,0.361848776,0.462624108,0.366632225,0.467151065,0.272776846,0.474169742,0.463746339,0.236016241
0.466352185,0.468746798,0.506676304,0.439584238,0.487598433,0.361848776,0.462624108,0.366632225,0.467151065,0.272776846,0.474169742,0.463746339,0.471392696,0.236016241,0.365867244
0.506676304,0.439584238,0.487598433,0.361848776,0.462624108,0.366632225,0.467151065,0.272776846,0.474169742,0.463746339,0.471392696,0.236016241,0.536329746,0.365867244,0.266291319
0.487598433,0.361848776,0.462624108,0.366632225,0.467151065,0.272776846,0.474169742,0.463746339,0.471392696,0.236016241,0.536329746,0.365867244,0.605850809,0.266291319,0.111892306
0.462624108,0.366632225,0.467151065,0.272776846,0.474169742,0.463746339,0.471392696,0.236016241,0.536329746,0.365867244,0.605850809,0.266291319,0.667345071,0.111892306,0.255935656
0.467151065,0.272776846,0.474169742,0.463746339,0.471392696,0.236016241,0.536329746,0.365867244,0.605850809,0.266291319,0.667345071,0.111892306,0.625936776,0.255935656,0.125853481
0.474169742,0.463746339,0.471392696,0.236016241,0.536329746,0.365867244,0.605850809,0.266291319,0.667345071,0.111892306,0.625936776,0.255935656,0.751493129,0.125853481,0.22744774
0.471392696,0.236016241,0.536329746,0.365867244,0.605850809,0.266291319,0.667345071,0.111892306,0.625936776,0.255935656,0.751493129,0.125853481,0.712481466,0.22744774,0.697390621
0.536329746,0.365867244,0.605850809,0.266291319,0.667345071,0.111892306,0.625936776,0.255935656,0.751493129,0.125853481,0.712481466,0.22744774,0.530262108,0.697390621,0.245329491
0.605850809,0.266291319,0.667345071,0.111892306,0.625936776,0.255935656,0.751493129,0.125853481,0.712481466,0.22744774,0.530262108,0.697390621,0.503328642,0.245329491,0.525893925
0.667345071,0.111892306,0.625936776,0.255935656,0.751493129,0.125853481,0.712481466,0.22744774,0.530262108,0.697390621,0.503328642,0.245329491,0.452790348,0.525893925,0.526201514
0.625936776,0.255935656,0.751493129,0.125853481,0.712481466,0.22744774,0.530262108,0.697390621,0.503328642,0.245329491,0.452790348,0.525893925,0.349412253,0.526201514,0.262816919
0.751493129,0.125853481,0.712481466,0.22744774,0.530262108,0.697390621,0.503328642,0.245329491,0.452790348,0.525893925,0.349412253,0.526201514,0.27972001,0.262816919,0.017182639
0.712481466,0.22744774,0.530262108,0.697390621,0.503328642,0.245329491,0.452790348,0.525893925,0.349412253,0.526201514,0.27972001,0.262816919,0.292882416,0.017182639,0.111393622
0.530262108,0.697390621,0.503328642,0.245329491,0.452790348,0.525893925,0.349412253,0.526201514,0.27972001,0.262816919,0.292882416,0.017182639,0.321851108,0.111393622,0.106308596
0.503328642,0.245329491,0.452790348,0.525893925,0.349412253,0.526201514,0.27972001,0.262816919,0.292882416,0.017182639,0.321851108,0.111393622,0.36006391,0.106308596,0.132338166
0.452790348,0.525893925,0.349412253,0.526201514,0.27972001,0.262816919,0.292882416,0.017182639,0.321851108,0.111393622,0.36006391,0.106308596,0.422357058,0.132338166,0.149503065
0.349412253,0.526201514,0.27972001,0.262816919,0.292882416,0.017182639,0.321851108,0.111393622,0.36006391,0.106308596,0.422357058,0.132338166,0.451401837,0.149503065,0.246199093
0.27972001,0.262816919,0.292882416,0.017182639,0.321851108,0.111393622,0.36006391,0.106308596,0.422357058,0.132338166,0.451401837,0.149503065,0.492657966,0.246199093,0.165540778
0.292882416,0.017182639,0.321851108,0.111393622,0.36006391,0.106308596,0.422357058,0.132338166,0.451401837,0.149503065,0.492657966,0.246199093,0.571404118,0.165540778,0.282750254
0.321851108,0.111393622,0.36006391,0.106308596,0.422357058,0.132338166,0.451401837,0.149503065,0.492657966,0.246199093,0.571404118,0.165540778,0.614372126,0.282750254,0.436343656
0.36006391,0.106308596,0.422357058,0.132338166,0.451401837,0.149503065,0.492657966,0.246199093,0.571404118,0.165540778,0.614372126,0.282750254,0.663864271,0.436343656,0.244333517
0.422357058,0.132338166,0.451401837,0.149503065,0.492657966,0.246199093,0.571404118,0.165540778,0.614372126,0.282750254,0.663864271,0.436343656,0.560771484,0.244333517,0.117697092
0.451401837,0.149503065,0.492657966,0.246199093,0.571404118,0.165540778,0.614372126,0.282750254,0.663864271,0.436343656,0.560771484,0.244333517,0.487256061,0.117697092,0.247340505
0.492657966,0.246199093,0.571404118,0.165540778,0.614372126,0.282750254,0.663864271,0.436343656,0.560771484,0.244333517,0.487256061,0.117697092,0.528569255,0.247340505,0.280845548
0.571404118,0.165540778,0.614372126,0.282750254,0.663864271,0.436343656,0.560771484,0.244333517,0.487256061,0.117697092,0.528569255,0.247340505,0.5601438,0.280845548,0.191273296
0.614372126,0.282750254,0.663864271,0.436343656,0.560771484,0.244333517,0.487256061,0.117697092,0.528569255,0.247340505,0.5601438,0.280845548,0.557556968,0.191273296,0.055316387
0.663864271,0.436343656,0.560771484,0.244333517,0.487256061,0.117697092,0.528569255,0.247340505,0.5601438,0.280845548,0.557556968,0.191273296,0.598546808,0.055316387,0.004631439
0.560771484,0.244333517,0.487256061,0.117697092,0.528569255,0.247340505,0.5601438,0.280845548,0.557556968,0.191273296,0.598546808,0.055316387,0.610872292,0.004631439,0.160337181
0.487256061,0.117697092,0.528569255,0.247340505,0.5601438,0.280845548,0.557556968,0.191273296,0.598546808,0.055316387,0.610872292,0.004631439,0.66530985,0.160337181,0.124908615
0.528569255,0.247340505,0.5601438,0.280845548,0.557556968,0.191273296,0.598546808,0.055316387,0.610872292,0.004631439,0.66530985,0.160337181,0.74949595,0.124908615,0.139355909
0.5601438,0.280845548,0.557556968,0.191273296,0.598546808,0.055316387,0.610872292,0.004631439,0.66530985,0.160337181,0.74949595,0.124908615,0.721078862,0.139355909,0.197684118
0.557556968,0.191273296,0.598546808,0.055316387,0.610872292,0.004631439,0.66530985,0.160337181,0.74949595,0.124908615,0.721078862,0.139355909,0.685490927,0.197684118,0.289176677
0.598546808,0.055316387,0.610872292,0.004631439,0.66530985,0.160337181,0.74949595,0.124908615,0.721078862,0.139355909,0.685490927,0.197684118,0.554551684,0.289176677,0.260680819
0.610872292,0.004631439,0.66530985,0.160337181,0.74949595,0.124908615,0.721078862,0.139355909,0.685490927,0.197684118,0.554551684,0.289176677,0.580838432,0.260680819,0.301111027
0.66530985,0.160337181,0.74949595,0.124908615,0.721078862,0.139355909,0.685490927,0.197684118,0.554551684,0.289176677,0.580838432,0.260680819,0.550861643,0.301111027,0.083894698
0.74949595,0.124908615,0.721078862,0.139355909,0.685490927,0.197684118,0.554551684,0.289176677,0.580838432,0.260680819,0.550861643,0.301111027,0.520903868,0.083894698,0.278839875
0.721078862,0.139355909,0.685490927,0.197684118,0.554551684,0.289176677,0.580838432,0.260680819,0.550861643,0.301111027,0.520903868,0.083894698,0.500494539,0.278839875,0.2647583
0.685490927,0.197684118,0.554551684,0.289176677,0.580838432,0.260680819,0.550861643,0.301111027,0.520903868,0.083894698,0.500494539,0.278839875,0.533267396,0.2647583,0.45120475
0.554551684,0.289176677,0.580838432,0.260680819,0.550861643,0.301111027,0.520903868,0.083894698,0.500494539,0.278839875,0.533267396,0.2647583,0.541027888,0.45120475,0.393276574
0.580838432,0.260680819,0.550861643,0.301111027,0.520903868,0.083894698,0.500494539,0.278839875,0.533267396,0.2647583,0.541027888,0.45120475,0.540514317,0.393276574,0.189978803
0.550861643,0.301111027,0.520903868,0.083894698,0.500494539,0.278839875,0.533267396,0.2647583,0.541027888,0.45120475,0.540514317,0.393276574,0.507627346,0.189978803,0.347608011
0.520903868,0.083894698,0.500494539,0.278839875,0.533267396,0.2647583,0.541027888,0.45120475,0.540514317,0.393276574,0.507627346,0.189978803,0.593620423,0.347608011,0.206825851
0.500494539,0.278839875,0.533267396,0.2647583,0.541027888,0.45120475,0.540514317,0.393276574,0.507627346,0.189978803,0.593620423,0.347608011,0.670274281,0.206825851,0.637492407
0.533267396,0.2647583,0.541027888,0.45120475,0.540514317,0.393276574,0.507627346,0.189978803,0.593620423,0.347608011,0.670274281,0.206825851,0.599193529,0.637492407,0.612417821
0.541027888,0.45120475,0.540514317,0.393276574,0.507627346,0.189978803,0.593620423,0.347608011,0.670274281,0.206825851,0.599193529,0.637492407,0.479495565,0.612417821,0.681744197
0.540514317,0.393276574,0.507627346,0.189978803,0.593620423,0.347608011,0.670274281,0.206825851,0.599193529,0.637492407,0.479495565,0.612417821,0.430555023,0.681744197,0.322908331
0.507627346,0.189978803,0.593620423,0.347608011,0.670274281,0.206825851,0.599193529,0.637492407,0.479495565,0.612417821,0.430555023,0.681744197,0.323753181,0.322908331,0.176865173
0.593620423,0.347608011,0.670274281,0.206825851,0.599193529,0.637492407,0.479495565,0.612417821,0.430555023,0.681744197,0.323753181,0.322908331,0.356868408,0.176865173,0.209276467
0.670274281,0.206825851,0.599193529,0.637492407,0.479495565,0.612417821,0.430555023,0.681744197,0.323753181,0.322908331,0.356868408,0.176865173,0.34262182,0.209276467,0.168299086
0.599193529,0.637492407,0.479495565,0.612417821,0.430555023,0.681744197,0.323753181,0.322908331,0.356868408,0.176865173,0.34262182,0.209276467,0.35572716,0.168299086,0.135792732
0.479495565,0.612417821,0.430555023,0.681744197,0.323753181,0.322908331,0.356868408,0.176865173,0.34262182,0.209276467,0.35572716,0.168299086,0.388176662,0.135792732,0.279559533
0.430555023,0.681744197,0.323753181,0.322908331,0.356868408,0.176865173,0.34262182,0.209276467,0.35572716,0.168299086,0.388176662,0.135792732,0.407730051,0.279559533,0.330830527
0.323753181,0.322908331,0.356868408,0.176865173,0.34262182,0.209276467,0.35572716,0.168299086,0.388176662,0.135792732,0.407730051,0.279559533,0.389679309,0.330830527,0.538071347
0.356868408,0.176865173,0.34262182,0.209276467,0.35572716,0.168299086,0.388176662,0.135792732,0.407730051,0.279559533,0.389679309,0.330830527,0.297542504,0.538071347,0.360647959
0.34262182,0.209276467,0.35572716,0.168299086,0.388176662,0.135792732,0.407730051,0.279559533,0.389679309,0.330830527,0.297542504,0.538071347,0.124624335,0.360647959,0.433846728
0.35572716,0.168299086,0.388176662,0.135792732,0.407730051,0.279559533,0.389679309,0.330830527,0.297542504,0.538071347,0.124624335,0.360647959,0.270133522,0.433846728,0.252439997
0.388176662,0.135792732,0.407730051,0.279559533,0.389679309,0.330830527,0.297542504,0.538071347,0.124624335,0.360647959,0.270133522,0.433846728,0.343173434,0.252439997,0.088598446
0.407730051,0.279559533,0.389679309,0.330830527,0.297542504,0.538071347,0.124624335,0.360647959,0.270133522,0.433846728,0.343173434,0.252439997,0.396774073,0.088598446,0.305974737
0.389679309,0.330830527,0.297542504,0.538071347,0.124624335,0.360647959,0.270133522,0.433846728,0.343173434,0.252439997,0.396774073,0.088598446,0.463784381,0.305974737,0.372405263
0.297542504,0.538071347,0.124624335,0.360647959,0.270133522,0.433846728,0.343173434,0.252439997,0.396774073,0.088598446,0.463784381,0.305974737,0.500589642,0.372405263,0.136456667
0.124624335,0.360647959,0.270133522,0.433846728,0.343173434,0.252439997,0.396774073,0.088598446,0.463784381,0.305974737,0.500589642,0.372405263,0.536653101,0.136456667,0.372060968
0.270133522,0.433846728,0.343173434,0.252439997,0.396774073,0.088598446,0.463784381,0.305974737,0.500589642,0.372405263,0.536653101,0.136456667,0.581694369,0.372060968,0.405227625
0.343173434,0.252439997,0.396774073,0.088598446,0.463784381,0.305974737,0.500589642,0.372405263,0.536653101,0.136456667,0.581694369,0.372060968,0.6838171,0.405227625,0.459143347
0.396774073,0.088598446,0.463784381,0.305974737,0.500589642,0.372405263,0.536653101,0.136456667,0.581694369,0.372060968,0.6838171,0.405227625,0.632023435,0.459143347,0.184486923
0.463784381,0.305974737,0.500589642,0.372405263,0.536653101,0.136456667,0.581694369,0.372060968,0.6838171,0.405227625,0.632023435,0.459143347,0.517023629,0.184486923,0.300818654
0.500589642,0.372405263,0.536653101,0.136456667,0.581694369,0.372060968,0.6838171,0.405227625,0.632023435,0.459143347,0.517023629,0.184486923,0.619184391,0.300818654,0.063745239
0.536653101,0.136456667,0.581694369,0.372060968,0.6838171,0.405227625,0.632023435,0.459143347,0.517023629,0.184486923,0.619184391,0.300818654,0.588865212,0.063745239,0.302293498
0.581694369,0.372060968,0.6838171,0.405227625,0.632023435,0.459143347,0.517023629,0.184486923,0.619184391,0.300818654,0.588865212,0.063745239,0.574637646,0.302293498,0.468975819
0.6838171,0.405227625,0.632023435,0.459143347,0.517023629,0.184486923,0.619184391,0.300818654,0.588865212,0.063745239,0.574637646,0.302293498,0.622627155,0.468975819,0.380954788
0.632023435,0.459143347,0.517023629,0.184486923,0.619184391,0.300818654,0.588865212,0.063745239,0.574637646,0.302293498,0.622627155,0.468975819,0.437592721,0.380954788,0.238249951
0.517023629,0.184486923,0.619184391,0.300818654,0.588865212,0.063745239,0.574637646,0.302293498,0.622627155,0.468975819,0.437592721,0.380954788,0.386731084,0.238249951,0.083408812
0.619184391,0.300818654,0.588865212,0.063745239,0.574637646,0.302293498,0.622627155,0.468975819,0.437592721,0.380954788,0.386731084,0.238249951,0.385627876,0.083408812,0.075978646
0.588865212,0.063745239,0.574637646,0.302293498,0.622627155,0.468975819,0.437592721,0.380954788,0.386731084,0.238249951,0.385627876,0.083408812,0.427816028,0.075978646,0.146535358
0.574637646,0.302293498,0.622627155,0.468975819,0.437592721,0.380954788,0.386731084,0.238249951,0.385627876,0.083408812,0.427816028,0.075978646,0.449328561,0.146535358,0.27664252
0.622627155,0.468975819,0.437592721,0.380954788,0.386731084,0.238249951,0.385627876,0.083408812,0.427816028,0.075978646,0.449328561,0.146535358,0.469661815,0.27664252,0.230391759
0.437592721,0.380954788,0.386731084,0.238249951,0.385627876,0.083408812,0.427816028,0.075978646,0.449328561,0.146535358,0.469661815,0.27664252,0.568360785,0.230391759,0.122460724
0.386731084,0.238249951,0.385627876,0.083408812,0.427816028,0.075978646,0.449328561,0.146535358,0.469661815,0.27664252,0.568360785,0.230391759,0.583406249,0.122460724,0.159457593
0.385627876,0.083408812,0.427816028,0.075978646,0.449328561,0.146535358,0.469661815,0.27664252,0.568360785,0.230391759,0.583406249,0.122460724,0.635428157,0.159457593,0.051368834
0.427816028,0.075978646,0.449328561,0.146535358,0.469661815,0.27664252,0.568360785,0.230391759,0.583406249,0.122460724,0.635428157,0.159457593,0.747803098,0.051368834,0.196269869
0.449328561,0.146535358,0.469661815,0.27664252,0.568360785,0.230391759,0.583406249,0.122460724,0.635428157,0.159457593,0.747803098,0.051368834,0.866492952,0.196269869,0.152665118
0.469661815,0.27664252,0.568360785,0.230391759,0.583406249,0.122460724,0.635428157,0.159457593,0.747803098,0.051368834,0.866492952,0.196269869,1,0.152665118,0.233105477
0.568360785,0.230391759,0.583406249,0.122460724,0.635428157,0.159457593,0.747803098,0.051368834,0.866492952,0.196269869,1,0.152665118,0.889755395,0.233105477,0.463137751
0.583406249,0.122460724,0.635428157,0.159457593,0.747803098,0.051368834,0.866492952,0.196269869,1,0.152665118,0.889755395,0.233105477,0.821775031,0.463137751,0.295924219
0.635428157,0.159457593,0.747803098,0.051368834,0.866492952,0.196269869,1,0.152665118,0.889755395,0.233105477,0.821775031,0.463137751,0.787081064,0.295924219,0.300559663
0.747803098,0.051368834,0.866492952,0.196269869,1,0.152665118,0.889755395,0.233105477,0.821775031,0.463137751,0.787081064,0.295924219,0.578574969,0.300559663,0.456667052
0.866492952,0.196269869,1,0.152665118,0.889755395,0.233105477,0.821775031,0.463137751,0.787081064,0.295924219,0.578574969,0.300559663,0.548312859,0.456667052,0.163491408
1,0.152665118,0.889755395,0.233105477,0.821775031,0.463137751,0.787081064,0.295924219,0.578574969,0.300559663,0.548312859,0.456667052,0.593468248,0.163491408,0.09065935
0.889755395,0.233105477,0.821775031,0.463137751,0.787081064,0.295924219,0.578574969,0.300559663,0.548312859,0.456667052,0.593468248,0.163491408,0.607790922,0.09065935,0.07307103
0.821775031,0.463137751,0.787081064,0.295924219,0.578574969,0.300559663,0.548312859,0.456667052,0.593468248,0.163491408,0.607790922,0.09065935,0.694620924,0.07307103,0.246285316
0.787081064,0.295924219,0.578574969,0.300559663,0.548312859,0.456667052,0.593468248,0.163491408,0.607790922,0.09065935,0.694620924,0.07307103,0.732624493,0.246285316,0.211455131
0.578574969,0.300559663,0.548312859,0.456667052,0.593468248,0.163491408,0.607790922,0.09065935,0.694620924,0.07307103,0.732624493,0.246285316,0.756876024,0.211455131,0.13806514
0.548312859,0.456667052,0.593468248,0.163491408,0.607790922,0.09065935,0.694620924,0.07307103,0.732624493,0.246285316,0.756876024,0.211455131,0.754041927,0.13806514,0.170803215
0.593468248,0.163491408,0.607790922,0.09065935,0.694620924,0.07307103,0.732624493,0.246285316,0.756876024,0.211455131,0.754041927,0.13806514,0.219386003,0.170803215,0.201178466
0.607790922,0.09065935,0.694620924,0.07307103,0.732624493,0.246285316,0.756876024,0.211455131,0.754041927,0.13806514,0.219386003,0.170803215,0.296838741,0.201178466,0.160932833
0.694620924,0.07307103,0.732624493,0.246285316,0.756876024,0.211455131,0.754041927,0.13806514,0.219386003,0.170803215,0.296838741,0.201178466,0.37183779,0.160932833,0.094585787
0.732624493,0.246285316,0.756876024,0.211455131,0.754041927,0.13806514,0.219386003,0.170803215,0.296838741,0.201178466,0.37183779,0.160932833,0.360330199,0.094585787,0.149794291
0.756876024,0.211455131,0.754041927,0.13806514,0.219386003,0.170803215,0.296838741,0.201178466,0.37183779,0.160932833,0.360330199,0.094585787,0.481473727,0.149794291,0.114545629
0.754041927,0.13806514,0.219386003,0.170803215,0.296838741,0.201178466,0.37183779,0.160932833,0.360330199,0.094585787,0.481473727,0.149794291,0.545383649,0.114545629,0.360857386
0.219386003,0.170803215,0.296838741,0.201178466,0.37183779,0.160932833,0.360330199,0.094585787,0.481473727,0.149794291,0.545383649,0.114545629,0.57226005,0.360857386,0.42124255
0.296838741,0.201178466,0.37183779,0.160932833,0.360330199,0.094585787,0.481473727,0.149794291,0.545383649,0.114545629,0.57226005,0.360857386,0.590329825,0.42124255,0.13728493
0.37183779,0.160932833,0.360330199,0.094585787,0.481473727,0.149794291,0.545383649,0.114545629,0.57226005,0.360857386,0.590329825,0.42124255,0.532772855,0.13728493,0.094939044
0.360330199,0.094585787,0.481473727,0.149794291,0.545383649,0.114545629,0.57226005,0.360857386,0.590329825,0.42124255,0.532772855,0.13728493,0.505649179,0.094939044,0.100230014
0.481473727,0.149794291,0.545383649,0.114545629,0.57226005,0.360857386,0.590329825,0.42124255,0.532772855,0.13728493,0.505649179,0.094939044,0.495910528,0.100230014,0.184422629
0.545383649,0.114545629,0.57226005,0.360857386,0.590329825,0.42124255,0.532772855,0.13728493,0.505649179,0.094939044,0.495910528,0.100230014,0.485163775,0.184422629,0.209544487
0.57226005,0.360857386,0.590329825,0.42124255,0.532772855,0.13728493,0.505649179,0.094939044,0.495910528,0.100230014,0.485163775,0.184422629,0.370068854,0.209544487,0.239850519
0.590329825,0.42124255,0.532772855,0.13728493,0.505649179,0.094939044,0.495910528,0.100230014,0.485163775,0.184422629,0.370068854,0.209544487,0.303248749,0.239850519,0.370738514
0.532772855,0.13728493,0.505649179,0.094939044,0.495910528,0.100230014,0.485163775,0.184422629,0.370068854,0.209544487,0.303248749,0.239850519,0.280994403,0.370738514,0.476381525
0.505649179,0.094939044,0.495910528,0.100230014,0.485163775,0.184422629,0.370068854,0.209544487,0.303248749,0.239850519,0.280994403,0.370738514,0.241088747,0.476381525,0.023054812
0.495910528,0.100230014,0.485163775,0.184422629,0.370068854,0.209544487,0.303248749,0.239850519,0.280994403,0.370738514,0.241088747,0.476381525,0.300490739,0.023054812,0.090230516
0.485163775,0.184422629,0.370068854,0.209544487,0.303248749,0.239850519,0.280994403,0.370738514,0.241088747,0.476381525,0.300490739,0.023054812,0.35892266,0.090230516,0.166914567
0.370068854,0.209544487,0.303248749,0.239850519,0.280994403,0.370738514,0.241088747,0.476381525,0.300490739,0.023054812,0.35892266,0.090230516,0.435766726,0.166914567,0.148434215
0.303248749,0.239850519,0.280994403,0.370738514,0.241088747,0.476381525,0.300490739,0.023054812,0.35892266,0.090230516,0.435766726,0.166914567,0.410906529,0.148434215,0.21058898
0.280994403,0.370738514,0.241088747,0.476381525,0.300490739,0.023054812,0.35892266,0.090230516,0.435766726,0.166914567,0.410906529,0.148434215,0.469909077,0.21058898,0.175022719
0.241088747,0.476381525,0.300490739,0.023054812,0.35892266,0.090230516,0.435766726,0.166914567,0.410906529,0.148434215,0.469909077,0.21058898,0.513181418,0.175022719,0.251011513
0.300490739,0.023054812,0.35892266,0.090230516,0.435766726,0.166914567,0.410906529,0.148434215,0.469909077,0.21058898,0.513181418,0.175022719,0.581751436,0.251011513,0.192159715
0.35892266,0.090230516,0.435766726,0.166914567,0.410906529,0.148434215,0.469909077,0.21058898,0.513181418,0.175022719,0.581751436,0.251011513,0.57439038,0.192159715,0.064722915
0.435766726,0.166914567,0.410906529,0.148434215,0.469909077,0.21058898,0.513181418,0.175022719,0.581751436,0.251011513,0.57439038,0.192159715,0.578613004,0.064722915,0.067690651
0.410906529,0.148434215,0.469909077,0.21058898,0.513181418,0.175022719,0.581751436,0.251011513,0.57439038,0.192159715,0.578613004,0.064722915,0.590653177,0.067690651,0.171887857
0.469909077,0.21058898,0.513181418,0.175022719,0.581751436,0.251011513,0.57439038,0.192159715,0.578613004,0.064722915,0.590653177,0.067690651,0.641724054,0.171887857,0.353026322
0.513181418,0.175022719,0.581751436,0.251011513,0.57439038,0.192159715,0.578613004,0.064722915,0.590653177,0.067690651,0.641724054,0.171887857,0.728135585,0.353026322,0.076447383
0.581751436,0.251011513,0.57439038,0.192159715,0.578613004,0.064722915,0.590653177,0.067690651,0.641724054,0.171887857,0.728135585,0.353026322,0.532468523,0.076447383,0.092188269
0.57439038,0.192159715,0.578613004,0.064722915,0.590653177,0.067690651,0.641724054,0.171887857,0.728135585,0.353026322,0.532468523,0.076447383,0.525316687,0.092188269,0.111488829
0.578613004,0.064722915,0.590653177,0.067690651,0.641724054,0.171887857,0.728135585,0.353026322,0.532468523,0.076447383,0.525316687,0.092188269,0.537851412,0.111488829,0.125240771
0.590653177,0.067690651,0.641724054,0.171887857,0.728135585,0.353026322,0.532468523,0.076447383,0.525316687,0.092188269,0.537851412,0.111488829,0.557290669,0.125240771,0.12345766
0.641724054,0.171887857,0.728135585,0.353026322,0.532468523,0.076447383,0.525316687,0.092188269,0.537851412,0.111488829,0.557290669,0.125240771,0.632594051,0.12345766,0.132562189
0.728135585,0.353026322,0.532468523,0.076447383,0.525316687,0.092188269,0.537851412,0.111488829,0.557290669,0.125240771,0.632594051,0.12345766,0.649332366,0.132562189,0.144619724
0.532468523,0.076447383,0.525316687,0.092188269,0.537851412,0.111488829,0.557290669,0.125240771,0.632594051,0.12345766,0.649332366,0.132562189,0.692509607,0.144619724,0.19468233
0.525316687,0.092188269,0.537851412,0.111488829,0.557290669,0.125240771,0.632594051,0.12345766,0.649332366,0.132562189,0.692509607,0.144619724,0.750846441,0.19468233,0.192056869
0.537851412,0.111488829,0.557290669,0.125240771,0.632594051,0.12345766,0.649332366,0.132562189,0.692509607,0.144619724,0.750846441,0.19468233,0.717864355,0.192056869,0.253325905
0.557290669,0.125240771,0.632594051,0.12345766,0.649332366,0.132562189,0.692509607,0.144619724,0.750846441,0.19468233,0.717864355,0.192056869,0.700327168,0.253325905,0.377193212
0.632594051,0.12345766,0.649332366,0.132562189,0.692509607,0.144619724,0.750846441,0.19468233,0.717864355,0.192056869,0.700327168,0.253325905,0.704968243,0.377193212,0.338106256
0.649332366,0.132562189,0.692509607,0.144619724,0.750846441,0.19468233,0.717864355,0.192056869,0.700327168,0.253325905,0.704968243,0.377193212,0.591528138,0.338106256,0.522533141
0.692509607,0.144619724,0.750846441,0.19468233,0.717864355,0.192056869,0.700327168,0.253325905,0.704968243,0.377193212,0.591528138,0.338106256,0.566629886,0.522533141,0.272180923
0.750846441,0.19468233,0.717864355,0.192056869,0.700327168,0.253325905,0.704968243,0.377193212,0.591528138,0.338106256,0.566629886,0.522533141,0.524403697,0.272180923,0.313343846
0.717864355,0.192056869,0.700327168,0.253325905,0.704968243,0.377193212,0.591528138,0.338106256,0.566629886,0.522533141,0.524403697,0.272180923,0.560942672,0.313343846,0.52398139
0.700327168,0.253325905,0.704968243,0.377193212,0.591528138,0.338106256,0.566629886,0.522533141,0.524403697,0.272180923,0.560942672,0.313343846,0.63871877,0.52398139,0.439545634
0.704968243,0.377193212,0.591528138,0.338106256,0.566629886,0.522533141,0.524403697,0.272180923,0.560942672,0.313343846,0.63871877,0.52398139,0.574504524,0.439545634,0.323920319
0.591528138,0.338106256,0.566629886,0.522533141,0.524403697,0.272180923,0.560942672,0.313343846,0.63871877,0.52398139,0.574504524,0.439545634,0.647810708,0.323920319,0.140105375
0.566629886,0.522533141,0.524403697,0.272180923,0.560942672,0.313343846,0.63871877,0.52398139,0.574504524,0.439545634,0.647810708,0.323920319,0.593030778,0.140105375,0.117753472
0.524403697,0.272180923,0.560942672,0.313343846,0.63871877,0.52398139,0.574504524,0.439545634,0.647810708,0.323920319,0.593030778,0.140105375,0.599973374,0.117753472,0.096164636
0.560942672,0.313343846,0.63871877,0.52398139,0.574504524,0.439545634,0.647810708,0.323920319,0.593030778,0.140105375,0.599973374,0.117753472,0.58743866,0.096164636,0.289999288
0.63871877,0.52398139,0.574504524,0.439545634,0.647810708,0.323920319,0.593030778,0.140105375,0.599973374,0.117753472,0.58743866,0.096164636,0.593297075,0.289999288,0.174637189
0.574504524,0.439545634,0.647810708,0.323920319,0.593030778,0.140105375,0.599973374,0.117753472,0.58743866,0.096164636,0.593297075,0.289999288,0.548407961,0.174637189,0.184765878
0.647810708,0.323920319,0.593030778,0.140105375,0.599973374,0.117753472,0.58743866,0.096164636,0.593297075,0.289999288,0.548407961,0.174637189,0.560238902,0.184765878,0.504115826
0.593030778,0.140105375,0.599973374,0.117753472,0.58743866,0.096164636,0.593297075,0.289999288,0.548407961,0.174637189,0.560238902,0.184765878,0.593468261,0.504115826,0.248338426
0.599973374,0.117753472,0.58743866,0.096164636,0.593297075,0.289999288,0.548407961,0.174637189,0.560238902,0.184765878,0.593468261,0.504115826,0.553657701,0.248338426,0.434264571
0.58743866,0.096164636,0.593297075,0.289999288,0.548407961,0.174637189,0.560238902,0.184765878,0.593468261,0.504115826,0.553657701,0.248338426,0.599326662,0.434264571,0.22230921
0.593297075,0.289999288,0.548407961,0.174637189,0.560238902,0.184765878,0.593468261,0.504115826,0.553657701,0.248338426,0.599326662,0.434264571,0.584604559,0.22230921,0.508725727
0.548407961,0.174637189,0.560238902,0.184765878,0.593468261,0.504115826,0.553657701,0.248338426,0.599326662,0.434264571,0.584604559,0.22230921,0.545687984,0.508725727,0.172066146
0.560238902,0.184765878,0.593468261,0.504115826,0.553657701,0.248338426,0.599326662,0.434264571,0.584604559,0.22230921,0.545687984,0.508725727,0.509434319,0.172066146,0.157620115
0.593468261,0.504115826,0.553657701,0.248338426,0.599326662,0.434264571,0.584604559,0.22230921,0.545687984,0.508725727,0.509434319,0.172066146,0.52995777,0.157620115,0.424679213
0.553657701,0.248338426,0.599326662,0.434264571,0.584604559,0.22230921,0.545687984,0.508725727,0.509434319,0.172066146,0.52995777,0.157620115,0.565678848,0.424679213,0.602516681
0.599326662,0.434264571,0.584604559,0.22230921,0.545687984,0.508725727,0.509434319,0.172066146,0.52995777,0.157620115,0.565678848,0.424679213,0.632023433,0.602516681,0.459076884
0.584604559,0.22230921,0.545687984,0.508725727,0.509434319,0.172066146,0.52995777,0.157620115,0.565678848,0.424679213,0.632023433,0.602516681,0.588427741,0.459076884,0.14950229
0.545687984,0.508725727,0.509434319,0.172066146,0.52995777,0.157620115,0.565678848,0.424679213,0.632023433,0.602516681,0.588427741,0.459076884,0.512496681,0.14950229,0.295283236
0.509434319,0.172066146,0.52995777,0.157620115,0.565678848,0.424679213,0.632023433,0.602516681,0.588427741,0.459076884,0.512496681,0.14950229,0.489595612,0.295283236,0.352228487
0.52995777,0.157620115,0.565678848,0.424679213,0.632023433,0.602516681,0.588427741,0.459076884,0.512496681,0.14950229,0.489595612,0.295283236,0.500304334,0.352228487,0.298974975
0.565678848,0.424679213,0.632023433,0.602516681,0.588427741,0.459076884,0.512496681,0.14950229,0.489595612,0.295283236,0.500304334,0.352228487,0.455091862,0.298974975,0.262519036
0.632023433,0.602516681,0.588427741,0.459076884,0.512496681,0.14950229,0.489595612,0.295283236,0.500304334,0.352228487,0.455091862,0.298974975,0.510537532,0.262519036,0.179476487
0.588427741,0.459076884,0.512496681,0.14950229,0.489595612,0.295283236,0.500304334,0.352228487,0.455091862,0.298974975,0.510537532,0.262519036,0.503366679,0.179476487,0.423126453
0.512496681,0.14950229,0.489595612,0.295283236,0.500304334,0.352228487,0.455091862,0.298974975,0.510537532,0.262519036,0.503366679,0.179476487,0.554875033,0.423126453,0.311857363
0.489595612,0.295283236,0.500304334,0.352228487,0.455091862,0.298974975,0.510537532,0.262519036,0.503366679,0.179476487,0.554875033,0.423126453,0.494407886,0.311857363,0.25366681
0.500304334,0.352228487,0.455091862,0.298974975,0.510537532,0.262519036,0.503366679,0.179476487,0.554875033,0.423126453,0.494407886,0.311857363,0.459770985,0.25366681,0.209141292
0.455091862,0.298974975,0.510537532,0.262519036,0.503366679,0.179476487,0.554875033,0.423126453,0.494407886,0.311857363,0.459770985,0.25366681,0.47122151,0.209141292,0.174965874
0.510537532,0.262519036,0.503366679,0.179476487,0.554875033,0.423126453,0.494407886,0.311857363,0.459770985,0.25366681,0.47122151,0.209141292,0.441511009,0.174965874,0.255076759
0.503366679,0.179476487,0.554875033,0.423126453,0.494407886,0.311857363,0.459770985,0.25366681,0.47122151,0.209141292,0.441511009,0.174965874,0.467740704,0.255076759,0.337136384
0.554875033,0.423126453,0.494407886,0.311857363,0.459770985,0.25366681,0.47122151,0.209141292,0.441511009,0.174965874,0.467740704,0.255076759,0.543900027,0.337136384,0.219930392
0.494407886,0.311857363,0.459770985,0.25366681,0.47122151,0.209141292,0.441511009,0.174965874,0.467740704,0.255076759,0.543900027,0.337136384,0.558945483,0.219930392,0.095370621
0.459770985,0.25366681,0.47122151,0.209141292,0.441511009,0.174965874,0.467740704,0.255076759,0.543900027,0.337136384,0.558945483,0.219930392,0.507418115,0.095370621,0.102461472
0.47122151,0.209141292,0.441511009,0.174965874,0.467740704,0.255076759,0.543900027,0.337136384,0.558945483,0.219930392,0.507418115,0.095370621,0.455434241,0.102461472,0.128334409
0.441511009,0.174965874,0.467740704,0.255076759,0.543900027,0.337136384,0.558945483,0.219930392,0.507418115,0.095370621,0.455434241,0.102461472,0.493228596,0.128334409,0.180487058
0.467740704,0.255076759,0.543900027,0.337136384,0.558945483,0.219930392,0.507418115,0.095370621,0.455434241,0.102461472,0.493228596,0.128334409,0.515635106,0.180487058,0.504640946
0.543900027,0.337136384,0.558945483,0.219930392,0.507418115,0.095370621,0.455434241,0.102461472,0.493228596,0.128334409,0.515635106,0.180487058,0.631738125,0.504640946,0.415163768
0.558945483,0.219930392,0.507418115,0.095370621,0.455434241,0.102461472,0.493228596,0.128334409,0.515635106,0.180487058,0.631738125,0.504640946,0.592821564,0.415163768,0.622349293
0.507418115,0.095370621,0.455434241,0.102461472,0.493228596,0.128334409,0.515635106,0.180487058,0.631738125,0.504640946,0.592821564,0.415163768,0.543082133,0.622349293,0.357231463
0.455434241,0.102461472,0.493228596,0.128334409,0.515635106,0.180487058,0.631738125,0.504640946,0.592821564,0.415163768,0.543082133,0.622349293,0.349526379,0.357231463,0.422969132
0.493228596,0.128334409,0.515635106,0.180487058,0.631738125,0.504640946,0.592821564,0.415163768,0.543082133,0.622349293,0.349526379,0.357231463,0.449252481,0.422969132,0.072187424
0.515635106,0.180487058,0.631738125,0.504640946,0.592821564,0.415163768,0.543082133,0.622349293,0.349526379,0.357231463,0.449252481,0.422969132,0.466390228,0.072187424,0.024803732
0.631738125,0.504640946,0.592821564,0.415163768,0.543082133,0.622349293,0.349526379,0.357231463,0.449252481,0.422969132,0.466390228,0.072187424,0.479780882,0.024803732,0.218436828
0.592821564,0.415163768,0.543082133,0.622349293,0.349526379,0.357231463,0.449252481,0.422969132,0.466390228,0.072187424,0.479780882,0.024803732,0.569768329,0.218436828,0.422804459
0.543082133,0.622349293,0.349526379,0.357231463,0.449252481,0.422969132,0.466390228,0.072187424,0.479780882,0.024803732,0.569768329,0.218436828,0.639612745,0.422804459,0.506723679
0.349526379,0.357231463,0.449252481,0.422969132,0.466390228,0.072187424,0.479780882,0.024803732,0.569768329,0.218436828,0.639612745,0.422804459,0.60607905,0.506723679,0.630712049
0.449252481,0.422969132,0.466390228,0.072187424,0.479780882,0.024803732,0.569768329,0.218436828,0.639612745,0.422804459,0.60607905,0.506723679,0.412123858,0.630712049,0.726502247
0.466390228,0.072187424,0.479780882,0.024803732,0.569768329,0.218436828,0.639612745,0.422804459,0.60607905,0.506723679,0.412123858,0.630712049,0.305664391,0.726502247,0.211728057
0.479780882,0.024803732,0.569768329,0.218436828,0.639612745,0.422804459,0.60607905,0.506723679,0.412123858,0.630712049,0.305664391,0.726502247,0.150587739,0.211728057,0.216338198
0.569768329,0.218436828,0.639612745,0.422804459,0.60607905,0.506723679,0.412123858,0.630712049,0.305664391,0.726502247,0.150587739,0.211728057,0.178757556,0.216338198,0.168484207
0.639612745,0.422804459,0.60607905,0.506723679,0.412123858,0.630712049,0.305664391,0.726502247,0.150587739,0.211728057,0.178757556,0.216338198,0.224635747,0.168484207,0.119404992
0.60607905,0.506723679,0.412123858,0.630712049,0.305664391,0.726502247,0.150587739,0.211728057,0.178757556,0.216338198,0.224635747,0.168484207,0.446836833,0.119404992,0.169985515
0.412123858,0.630712049,0.305664391,0.726502247,0.150587739,0.211728057,0.178757556,0.216338198,0.224635747,0.168484207,0.446836833,0.119404992,0.546772168,0.169985515,0.353540247
0.305664391,0.726502247,0.150587739,0.211728057,0.178757556,0.216338198,0.224635747,0.168484207,0.446836833,0.119404992,0.546772168,0.169985515,0.444953779,0.353540247,0.345597173
0.150587739,0.211728057,0.178757556,0.216338198,0.224635747,0.168484207,0.446836833,0.119404992,0.546772168,0.169985515,0.444953779,0.353540247,0.482405749,0.345597173,0.319762676
0.178757556,0.216338198,0.224635747,0.168484207,0.446836833,0.119404992,0.546772168,0.169985515,0.444953779,0.353540247,0.482405749,0.345597173,0.473427925,0.319762676,0.186007719
0.224635747,0.168484207,0.446836833,0.119404992,0.546772168,0.169985515,0.444953779,0.353540247,0.482405749,0.345597173,0.473427925,0.319762676,0.505192681,0.186007719,0.383322635
0.446836833,0.119404992,0.546772168,0.169985515,0.444953779,0.353540247,0.482405749,0.345597173,0.473427925,0.319762676,0.505192681,0.186007719,0.475006659,0.383322635,0.285361872
0.546772168,0.169985515,0.444953779,0.353540247,0.482405749,0.345597173,0.473427925,0.319762676,0.505192681,0.186007719,0.475006659,0.383322635,0.495815418,0.285361872,0.396109997
0.444953779,0.353540247,0.482405749,0.345597173,0.473427925,0.319762676,0.505192681,0.186007719,0.475006659,0.383322635,0.495815418,0.285361872,0.565697882,0.396109997,0.265612083
0.482405749,0.345597173,0.473427925,0.319762676,0.505192681,0.186007719,0.475006659,0.383322635,0.495815418,0.285361872,0.565697882,0.396109997,0.46465934,0.265612083,0.162944334
0.473427925,0.319762676,0.505192681,0.186007719,0.475006659,0.383322635,0.495815418,0.285361872,0.565697882,0.396109997,0.46465934,0.265612083,0.453589224,0.162944334,0.148384204
0.505192681,0.186007719,0.475006659,0.383322635,0.495815418,0.285361872,0.565697882,0.396109997,0.46465934,0.265612083,0.453589224,0.162944334,0.470403617,0.148384204,0.190693123
0.475006659,0.383322635,0.495815418,0.285361872,0.565697882,0.396109997,0.46465934,0.265612083,0.453589224,0.162944334,0.470403617,0.148384204,0.509529421,0.190693123,0.314557531
0.495815418,0.285361872,0.565697882,0.396109997,0.46465934,0.265612083,0.453589224,0.162944334,0.470403617,0.148384204,0.509529421,0.190693123,0.569235741,0.314557531,0.151458423
0.565697882,0.396109997,0.46465934,0.265612083,0.453589224,0.162944334,0.470403617,0.148384204,0.509529421,0.190693123,0.569235741,0.314557531,0.584832806,0.151458423,0.145845337
0.46465934,0.265612083,0.453589224,0.162944334,0.470403617,0.148384204,0.509529421,0.190693123,0.569235741,0.314557531,0.584832806,0.151458423,0.575607718,0.145845337,0.208435811
0.453589224,0.162944334,0.470403617,0.148384204,0.509529421,0.190693123,0.569235741,0.314557531,0.584832806,0.151458423,0.575607718,0.145845337,0.644615207,0.208435811,0.434903252
0.470403617,0.148384204,0.509529421,0.190693123,0.569235741,0.314557531,0.584832806,0.151458423,0.575607718,0.145845337,0.644615207,0.208435811,0.562939859,0.434903252,0.427710871
0.509529421,0.190693123,0.569235741,0.314557531,0.584832806,0.151458423,0.575607718,0.145845337,0.644615207,0.208435811,0.562939859,0.434903252,0.639688822,0.427710871,0.329398274
0.569235741,0.314557531,0.584832806,0.151458423,0.575607718,0.145845337,0.644615207,0.208435811,0.562939859,0.434903252,0.639688822,0.427710871,0.679898817,0.329398274,0.341852287
0.584832806,0.151458423,0.575607718,0.145845337,0.644615207,0.208435811,0.562939859,0.434903252,0.639688822,0.427710871,0.679898817,0.329398274,0.642960404,0.341852287,0.163562876
0.575607718,0.145845337,0.644615207,0.208435811,0.562939859,0.434903252,0.639688822,0.427710871,0.679898817,0.329398274,0.642960404,0.341852287,0.697397956,0.163562876,0.148993371
0.644615207,0.208435811,0.562939859,0.434903252,0.639688822,0.427710871,0.679898817,0.329398274,0.642960404,0.341852287,0.697397956,0.163562876,0.669646601,0.148993371,0.100857025
0.562939859,0.434903252,0.639688822,0.427710871,0.679898817,0.329398274,0.642960404,0.341852287,0.697397956,0.163562876,0.669646601,0.148993371,0.629322483,0.100857025,0.135330196
0.639688822,0.427710871,0.679898817,0.329398274,0.642960404,0.341852287,0.697397956,0.163562876,0.669646601,0.148993371,0.629322483,0.100857025,0.608057224,0.135330196,0.163592637
0.679898817,0.329398274,0.642960404,0.341852287,0.697397956,0.163562876,0.669646601,0.148993371,0.629322483,0.100857025,0.608057224,0.135330196,0.662989317,0.163592637,0.343320751
0.642960404,0.341852287,0.697397956,0.163562876,0.669646601,0.148993371,0.629322483,0.100857025,0.608057224,0.135330196,0.662989317,0.163592637,0.601057556,0.343320751,0.089153351
0.697397956,0.163562876,0.669646601,0.148993371,0.629322483,0.100857025,0.608057224,0.135330196,0.662989317,0.163592637,0.601057556,0.343320751,0.618918093,0.089153351,0.249343902
0.669646601,0.148993371,0.629322483,0.100857025,0.608057224,0.135330196,0.662989317,0.163592637,0.601057556,0.343320751,0.618918093,0.089153351,0.597367521,0.249343902,0.112395084
0.629322483,0.100857025,0.608057224,0.135330196,0.662989317,0.163592637,0.601057556,0.343320751,0.618918093,0.089153351,0.597367521,0.249343902,0.605755695,0.112395084,0.111870725
0.608057224,0.135330196,0.662989317,0.163592637,0.601057556,0.343320751,0.618918093,0.089153351,0.597367521,0.249343902,0.605755695,0.112395084,0.54308213,0.111870725,0.254925556
0.662989317,0.163592637,0.601057556,0.343320751,0.618918093,0.089153351,0.597367521,0.249343902,0.605755695,0.112395084,0.54308213,0.111870725,0.561399177,0.254925556,0.375275431
0.601057556,0.343320751,0.618918093,0.089153351,0.597367521,0.249343902,0.605755695,0.112395084,0.54308213,0.111870725,0.561399177,0.254925556,0.369155852,0.375275431,0.253977875
0.618918093,0.089153351,0.597367521,0.249343902,0.605755695,0.112395084,0.54308213,0.111870725,0.561399177,0.254925556,0.369155852,0.375275431,0.261954573,0.253977875,0.244616172
0.597367521,0.249343902,0.605755695,0.112395084,0.54308213,0.111870725,0.561399177,0.254925556,0.369155852,0.375275431,0.261954573,0.253977875,0.320443558,0.244616172,0.209044941
0.605755695,0.112395084,0.54308213,0.111870725,0.561399177,0.254925556,0.369155852,0.375275431,0.261954573,0.253977875,0.320443558,0.244616172,0.344485861,0.209044941,0.168969512
0.54308213,0.111870725,0.561399177,0.254925556,0.369155852,0.375275431,0.261954573,0.253977875,0.320443558,0.244616172,0.344485861,0.209044941,0.337619351,0.168969512,0.379524053
0.561399177,0.254925556,0.369155852,0.375275431,0.261954573,0.253977875,0.320443558,0.244616172,0.344485861,0.209044941,0.337619351,0.168969512,0.346578154,0.379524053,0.467620364
0.369155852,0.375275431,0.261954573,0.253977875,0.320443558,0.244616172,0.344485861,0.209044941,0.337619351,0.168969512,0.346578154,0.379524053,0.378114654,0.467620364,0.398522809
0.261954573,0.253977875,0.320443558,0.244616172,0.344485861,0.209044941,0.337619351,0.168969512,0.346578154,0.379524053,0.378114654,0.467620364,0.482405752,0.398522809,0.195820221
0.320443558,0.244616172,0.344485861,0.209044941,0.337619351,0.168969512,0.346578154,0.379524053,0.378114654,0.467620364,0.482405752,0.398522809,0.662818126,0.195820221,0.294261097
0.344485861,0.209044941,0.337619351,0.168969512,0.346578154,0.379524053,0.378114654,0.467620364,0.482405752,0.398522809,0.662818126,0.195820221,0.652090393,0.294261097,0.133752457
0.337619351,0.168969512,0.346578154,0.379524053,0.378114654,0.467620364,0.482405752,0.398522809,0.662818126,0.195820221,0.652090393,0.294261097,0.596644728,0.133752457,0.112593219
0.346578154,0.379524053,0.378114654,0.467620364,0.482405752,0.398522809,0.662818126,0.195820221,0.652090393,0.294261097,0.596644728,0.133752457,0.570491123,0.112593219,0.140505426
0.378114654,0.467620364,0.482405752,0.398522809,0.662818126,0.195820221,0.652090393,0.294261097,0.596644728,0.133752457,0.570491123,0.112593219,0.561247002,0.140505426,0.243864469
0.482405752,0.398522809,0.662818126,0.195820221,0.652090393,0.294261097,0.596644728,0.133752457,0.570491123,0.112593219,0.561247002,0.140505426,0.387491922,0.243864469,0.373630793
0.662818126,0.195820221,0.652090393,0.294261097,0.596644728,0.133752457,0.570491123,0.112593219,0.561247002,0.140505426,0.387491922,0.243864469,0.519306122,0.373630793,0.333290084
0.652090393,0.294261097,0.596644728,0.133752457,0.570491123,0.112593219,0.561247002,0.140505426,0.387491922,0.243864469,0.519306122,0.373630793,0.47375128,0.333290084,0.156834415
0.596644728,0.133752457,0.570491123,0.112593219,0.561247002,0.140505426,0.387491922,0.243864469,0.519306122,0.373630793,0.47375128,0.333290084,0.387339742,0.156834415,0.2951163
0.570491123,0.112593219,0.561247002,0.140505426,0.387491922,0.243864469,0.519306122,0.373630793,0.47375128,0.333290084,0.387339742,0.156834415,0.413322173,0.2951163,0.242724837
0.561247002,0.140505426,0.387491922,0.243864469,0.519306122,0.373630793,0.47375128,0.333290084,0.387339742,0.156834415,0.413322173,0.2951163,0.442176739,0.242724837,0.178775305
0.387491922,0.243864469,0.519306122,0.373630793,0.47375128,0.333290084,0.387339742,0.156834415,0.413322173,0.2951163,0.442176739,0.242724837,0.45773576,0.178775305,0.373335587
0.519306122,0.373630793,0.47375128,0.333290084,0.387339742,0.156834415,0.413322173,0.2951163,0.442176739,0.242724837,0.45773576,0.178775305,0.598527793,0.373335587,0.260295213
0.47375128,0.333290084,0.387339742,0.156834415,0.413322173,0.2951163,0.442176739,0.242724837,0.45773576,0.178775305,0.598527793,0.373335587,0.40769201,0.260295213,0.270010392
0.387339742,0.156834415,0.413322173,0.2951163,0.442176739,0.242724837,0.45773576,0.178775305,0.598527793,0.373335587,0.40769201,0.260295213,0.381766645,0.270010392,0.133288006
0.413322173,0.2951163,0.442176739,0.242724837,0.45773576,0.178775305,0.598527793,0.373335587,0.40769201,0.260295213,0.381766645,0.270010392,0.430402863,0.133288006,0.097071582
0.442176739,0.242724837,0.45773576,0.178775305,0.598527793,0.373335587,0.40769201,0.260295213,0.381766645,0.270010392,0.430402863,0.133288006,0.471297596,0.097071582,0.110460134
0.45773576,0.178775305,0.598527793,0.373335587,0.40769201,0.260295213,0.381766645,0.270010392,0.430402863,0.133288006,0.471297596,0.097071582,0.468824891,0.110460134,0.328274309
0.598527793,0.373335587,0.40769201,0.260295213,0.381766645,0.270010392,0.430402863,0.133288006,0.471297596,0.097071582,0.468824891,0.110460134,0.503043332,0.328274309,0.13175569
0.40769201,0.260295213,0.381766645,0.270010392,0.430402863,0.133288006,0.471297596,0.097071582,0.468824891,0.110460134,0.503043332,0.328274309,0.476775592,0.13175569,0.187442206
0.381766645,0.270010392,0.430402863,0.133288006,0.471297596,0.097071582,0.468824891,0.110460134,0.503043332,0.328274309,0.476775592,0.13175569,0.484193701,0.187442206,0.045011456
0.430402863,0.133288006,0.471297596,0.097071582,0.468824891,0.110460134,0.503043332,0.328274309,0.476775592,0.13175569,0.484193701,0.187442206,0.437478603,0.045011456,0.134873207
0.471297596,0.097071582,0.468824891,0.110460134,0.503043332,0.328274309,0.476775592,0.13175569,0.484193701,0.187442206,0.437478603,0.045011456,0.4755963,0.134873207,0.317048405
0.468824891,0.110460134,0.503043332,0.328274309,0.476775592,0.13175569,0.484193701,0.187442206,0.437478603,0.045011456,0.4755963,0.134873207,0.498573434,0.317048405,0.414941211
0.503043332,0.328274309,0.476775592,0.13175569,0.484193701,0.187442206,0.437478603,0.045011456,0.4755963,0.134873207,0.498573434,0.317048405,0.562445316,0.414941211,0.220967742
0.476775592,0.13175569,0.484193701,0.187442206,0.437478603,0.045011456,0.4755963,0.134873207,0.498573434,0.317048405,0.562445316,0.414941211,0.621980459,0.220967742,0.165401218
0.484193701,0.187442206,0.437478603,0.045011456,0.4755963,0.134873207,0.498573434,0.317048405,0.562445316,0.414941211,0.621980459,0.220967742,0.620706053,0.165401218,0.403020418
0.437478603,0.045011456,0.4755963,0.134873207,0.498573434,0.317048405,0.562445316,0.414941211,0.621980459,0.220967742,0.620706053,0.165401218,0.655989656,0.403020418,0.225819244
0.4755963,0.134873207,0.498573434,0.317048405,0.562445316,0.414941211,0.621980459,0.220967742,0.620706053,0.165401218,0.655989656,0.403020418,0.575683802,0.225819244,0.202575964
0.498573434,0.317048405,0.562445316,0.414941211,0.621980459,0.220967742,0.620706053,0.165401218,0.655989656,0.403020418,0.575683802,0.225819244,0.480655836,0.202575964,0.22013147
0.562445316,0.414941211,0.621980459,0.220967742,0.620706053,0.165401218,0.655989656,0.403020418,0.575683802,0.225819244,0.480655836,0.202575964,0.564423484,0.22013147,0.153886174
0.621980459,0.220967742,0.620706053,0.165401218,0.655989656,0.403020418,0.575683802,0.225819244,0.480655836,0.202575964,0.564423484,0.22013147,0.549168795,0.153886174,0.23779863
0.620706053,0.165401218,0.655989656,0.403020418,0.575683802,0.225819244,0.480655836,0.202575964,0.564423484,0.22013147,0.549168795,0.153886174,0.57393389,0.23779863,0.212862509
0.655989656,0.403020418,0.575683802,0.225819244,0.480655836,0.202575964,0.564423484,0.22013147,0.549168795,0.153886174,0.57393389,0.23779863,0.300338564,0.212862509,0.568077916
0.575683802,0.225819244,0.480655836,0.202575964,0.564423484,0.22013147,0.549168795,0.153886174,0.57393389,0.23779863,0.300338564,0.212862509,0.372085059,0.568077916,0.201595026
0.480655836,0.202575964,0.564423484,0.22013147,0.549168795,0.153886174,0.57393389,0.23779863,0.300338564,0.212862509,0.372085059,0.568077916,0.377563051,0.201595026,0.326616592
0.564423484,0.22013147,0.549168795,0.153886174,0.57393389,0.23779863,0.300338564,0.212862509,0.372085059,0.568077916,0.377563051,0.201595026,0.402784641,0.326616592,0.253732232
0.549168795,0.153886174,0.57393389,0.23779863,0.300338564,0.212862509,0.372085059,0.568077916,0.377563051,0.201595026,0.402784641,0.326616592,0.419085479,0.253732232,0.55593917
0.57393389,0.23779863,0.300338564,0.212862509,0.372085059,0.568077916,0.377563051,0.201595026,0.402784641,0.326616592,0.419085479,0.253732232,0.340092051,0.55593917,0.37048794
0.300338564,0.212862509,0.372085059,0.568077916,0.377563051,0.201595026,0.402784641,0.326616592,0.419085479,0.253732232,0.340092051,0.55593917,0.318294213,0.37048794,0.293380962
0.372085059,0.568077916,0.377563051,0.201595026,0.402784641,0.326616592,0.419085479,0.253732232,0.340092051,0.55593917,0.318294213,0.37048794,0.228287741,0.293380962,0.173283995
0.377563051,0.201595026,0.402784641,0.326616592,0.419085479,0.253732232,0.340092051,0.55593917,0.318294213,0.37048794,0.228287741,0.293380962,0.217693153,0.173283995,0.364428514
0.402784641,0.326616592,0.419085479,0.253732232,0.340092051,0.55593917,0.318294213,0.37048794,0.228287741,0.293380962,0.217693153,0.173283995,0.267242357,0.364428514,0.518161851
0.419085479,0.253732232,0.340092051,0.55593917,0.318294213,0.37048794,0.228287741,0.293380962,0.217693153,0.173283995,0.267242357,0.364428514,0.30710997,0.518161851,0.192753335
0.340092051,0.55593917,0.318294213,0.37048794,0.228287741,0.293380962,0.217693153,0.173283995,0.267242357,0.364428514,0.30710997,0.518161851,0.331608778,0.192753335,0.19768169
0.318294213,0.37048794,0.228287741,0.293380962,0.217693153,0.173283995,0.267242357,0.364428514,0.30710997,0.518161851,0.331608778,0.192753335,0.324285767,0.19768169,0.230625595
0.228287741,0.293380962,0.217693153,0.173283995,0.267242357,0.364428514,0.30710997,0.518161851,0.331608778,0.192753335,0.324285767,0.19768169,0.303895461,0.230625595,0.234332405
0.217693153,0.173283995,0.267242357,0.364428514,0.30710997,0.518161851,0.331608778,0.192753335,0.324285767,0.19768169,0.303895461,0.230625595,0.314318862,0.234332405,0.167681491
0.267242357,0.364428514,0.30710997,0.518161851,0.331608778,0.192753335,0.324285767,0.19768169,0.303895461,0.230625595,0.314318862,0.234332405,0.314566138,0.167681491,0.135742327
0.30710997,0.518161851,0.331608778,0.192753335,0.324285767,0.19768169,0.303895461,0.230625595,0.314318862,0.234332405,0.314566138,0.167681491,0.349906797,0.135742327,0.188013264
0.331608778,0.192753335,0.324285767,0.19768169,0.303895461,0.230625595,0.314318862,0.234332405,0.314566138,0.167681491,0.349906797,0.135742327,0.426541636,0.188013264,0.17673635
0.324285767,0.19768169,0.303895461,0.230625595,0.314318862,0.234332405,0.314566138,0.167681491,0.349906797,0.135742327,0.426541636,0.188013264,0.490109179,0.17673635,0.207975786
0.303895461,0.230625595,0.314318862,0.234332405,0.314566138,0.167681491,0.349906797,0.135742327,0.426541636,0.188013264,0.490109179,0.17673635,0.519971847,0.207975786,0.153044213
0.314318862,0.234332405,0.314566138,0.167681491,0.349906797,0.135742327,0.426541636,0.188013264,0.490109179,0.17673635,0.519971847,0.207975786,0.550880661,0.153044213,0.069385639
0.314566138,0.167681491,0.349906797,0.135742327,0.426541636,0.188013264,0.490109179,0.17673635,0.519971847,0.207975786,0.550880661,0.153044213,0.55276372,0.069385639,0.149323256
0.349906797,0.135742327,0.426541636,0.188013264,0.490109179,0.17673635,0.519971847,0.207975786,0.550880661,0.153044213,0.55276372,0.069385639,0.557119486,0.149323256,0.111509833
0.426541636,0.188013264,0.490109179,0.17673635,0.519971847,0.207975786,0.550880661,0.153044213,0.55276372,0.069385639,0.557119486,0.149323256,0.565298439,0.111509833,0.071831522
0.490109179,0.17673635,0.519971847,0.207975786,0.550880661,0.153044213,0.55276372,0.069385639,0.557119486,0.149323256,0.565298439,0.111509833,0.571251955,0.071831522,0.0935165
0.519971847,0.207975786,0.550880661,0.153044213,0.55276372,0.069385639,0.557119486,0.149323256,0.565298439,0.111509833,0.571251955,0.071831522,0.637843801,0.0935165,0.18875091
0.550880661,0.153044213,0.55276372,0.069385639,0.557119486,0.149323256,0.565298439,0.111509833,0.571251955,0.071831522,0.637843801,0.0935165,0.799311449,0.18875091,0.273870971
0.55276372,0.069385639,0.557119486,0.149323256,0.565298439,0.111509833,0.571251955,0.071831522,0.637843801,0.0935165,0.799311449,0.18875091,0.901928714,0.273870971,0.161494492
0.557119486,0.149323256,0.565298439,0.111509833,0.571251955,0.071831522,0.637843801,0.0935165,0.799311449,0.18875091,0.901928714,0.273870971,0.322288581,0.161494492,0.267024605
0.565298439,0.111509833,0.571251955,0.071831522,0.637843801,0.0935165,0.799311449,0.18875091,0.901928714,0.273870971,0.322288581,0.161494492,0.394605694,0.267024605,0.220198812
0.571251955,0.071831522,0.637843801,0.0935165,0.799311449,0.18875091,0.901928714,0.273870971,0.322288581,0.161494492,0.394605694,0.267024605,0.413854751,0.220198812,0.289884781
0.637843801,0.0935165,0.799311449,0.18875091,0.901928714,0.273870971,0.322288581,0.161494492,0.394605694,0.267024605,0.413854751,0.220198812,0.405333428,0.289884781,0.43334131
0.799311449,0.18875091,0.901928714,0.273870971,0.322288581,0.161494492,0.394605694,0.267024605,0.413854751,0.220198812,0.405333428,0.289884781,0.497184918,0.43334131,0.360871576
0.901928714,0.273870971,0.322288581,0.161494492,0.394605694,0.267024605,0.413854751,0.220198812,0.405333428,0.289884781,0.497184918,0.43334131,0.610491875,0.360871576,0.189004206
0.322288581,0.161494492,0.394605694,0.267024605,0.413854751,0.220198812,0.405333428,0.289884781,0.497184918,0.43334131,0.610491875,0.360871576,0.571822574,0.189004206,0.048568714
0.394605694,0.267024605,0.413854751,0.220198812,0.405333428,0.289884781,0.497184918,0.43334131,0.610491875,0.360871576,0.571822574,0.189004206,0.577585883,0.048568714,0.132120008
0.413854751,0.220198812,0.405333428,0.289884781,0.497184918,0.43334131,0.610491875,0.360871576,0.571822574,0.189004206,0.577585883,0.048568714,0.512097233,0.132120008,0.108729902
0.405333428,0.289884781,0.497184918,0.43334131,0.610491875,0.360871576,0.571822574,0.189004206,0.577585883,0.048568714,0.512097233,0.132120008,0.542416397,0.108729902,0.140902395
0.497184918,0.43334131,0.610491875,0.360871576,0.571822574,0.189004206,0.577585883,0.048568714,0.512097233,0.132120008,0.542416397,0.108729902,0.57246928,0.140902395,0.4542184
0.610491875,0.360871576,0.571822574,0.189004206,0.577585883,0.048568714,0.512097233,0.132120008,0.542416397,0.108729902,0.57246928,0.140902395,0.639879032,0.4542184,0.38417065
0.571822574,0.189004206,0.577585883,0.048568714,0.512097233,0.132120008,0.542416397,0.108729902,0.57246928,0.140902395,0.639879032,0.4542184,0.671757911,0.38417065,0.312641788
0.577585883,0.048568714,0.512097233,0.132120008,0.542416397,0.108729902,0.57246928,0.140902395,0.639879032,0.4542184,0.671757911,0.38417065,0.524803132,0.312641788,0.23771806
0.512097233,0.132120008,0.542416397,0.108729902,0.57246928,0.140902395,0.639879032,0.4542184,0.671757911,0.38417065,0.524803132,0.312641788,0.437744893,0.23771806,0.214674025
0.542416397,0.108729902,0.57246928,0.140902395,0.639879032,0.4542184,0.671757911,0.38417065,0.524803132,0.312641788,0.437744893,0.23771806,0.46620002,0.214674025,0.326446267
0.57246928,0.140902395,0.639879032,0.4542184,0.671757911,0.38417065,0.524803132,0.312641788,0.437744893,0.23771806,0.46620002,0.214674025,0.50810286,0.326446267,0.200575053
0.639879032,0.4542184,0.671757911,0.38417065,0.524803132,0.312641788,0.437744893,0.23771806,0.46620002,0.214674025,0.50810286,0.326446267,0.47911515,0.200575053,0.211093143
0.671757911,0.38417065,0.524803132,0.312641788,0.437744893,0.23771806,0.46620002,0.214674025,0.50810286,0.326446267,0.47911515,0.200575053,0.479115153,0.211093143,0.076561034
0.524803132,0.312641788,0.437744893,0.23771806,0.46620002,0.214674025,0.50810286,0.326446267,0.47911515,0.200575053,0.479115153,0.211093143,0.483604061,0.076561034,0.103134875
0.437744893,0.23771806,0.46620002,0.214674025,0.50810286,0.326446267,0.47911515,0.200575053,0.479115153,0.211093143,0.483604061,0.076561034,0.492448739,0.103134875,0.094411966
0.46620002,0.214674025,0.50810286,0.326446267,0.47911515,0.200575053,0.479115153,0.211093143,0.483604061,0.076561034,0.492448739,0.103134875,0.516814388,0.094411966,0.076283995
0.50810286,0.326446267,0.47911515,0.200575053,0.479115153,0.211093143,0.483604061,0.076561034,0.492448739,0.103134875,0.516814388,0.094411966,0.538441058,0.076283995,0.174375621
0.47911515,0.200575053,0.479115153,0.211093143,0.483604061,0.076561034,0.492448739,0.103134875,0.516814388,0.094411966,0.538441058,0.076283995,0.563034953,0.174375621,0.136234976
0.479115153,0.211093143,0.483604061,0.076561034,0.492448739,0.103134875,0.516814388,0.094411966,0.538441058,0.076283995,0.563034953,0.174375621,0.617016019,0.136234976,0.280431599
0.483604061,0.076561034,0.492448739,0.103134875,0.516814388,0.094411966,0.538441058,0.076283995,0.563034953,0.174375621,0.617016019,0.136234976,0.551755618,0.280431599,0.307004827
0.492448739,0.103134875,0.516814388,0.094411966,0.538441058,0.076283995,0.563034953,0.174375621,0.617016019,0.136234976,0.551755618,0.280431599,0.539239931,0.307004827,0.234042499
